-- MySQL dump 10.13  Distrib 8.0.38, for Win64 (x86_64)
--
-- Host: 127.0.0.1    Database: mantenimiento
-- ------------------------------------------------------
-- Server version	9.0.1

/*!40101 SET @OLD_CHARACTER_SET_CLIENT=@@CHARACTER_SET_CLIENT */;
/*!40101 SET @OLD_CHARACTER_SET_RESULTS=@@CHARACTER_SET_RESULTS */;
/*!40101 SET @OLD_COLLATION_CONNECTION=@@COLLATION_CONNECTION */;
/*!50503 SET NAMES utf8 */;
/*!40103 SET @OLD_TIME_ZONE=@@TIME_ZONE */;
/*!40103 SET TIME_ZONE='+00:00' */;
/*!40014 SET @OLD_UNIQUE_CHECKS=@@UNIQUE_CHECKS, UNIQUE_CHECKS=0 */;
/*!40014 SET @OLD_FOREIGN_KEY_CHECKS=@@FOREIGN_KEY_CHECKS, FOREIGN_KEY_CHECKS=0 */;
/*!40101 SET @OLD_SQL_MODE=@@SQL_MODE, SQL_MODE='NO_AUTO_VALUE_ON_ZERO' */;
/*!40111 SET @OLD_SQL_NOTES=@@SQL_NOTES, SQL_NOTES=0 */;

--
-- Table structure for table `activo`
--

DROP TABLE IF EXISTS `activo`;
/*!40101 SET @saved_cs_client     = @@character_set_client */;
/*!50503 SET character_set_client = utf8mb4 */;
CREATE TABLE `activo` (
  `id_activo` int NOT NULL AUTO_INCREMENT,
  `nombre` varchar(100) DEFAULT NULL,
  `abreviacion` varchar(10) DEFAULT NULL,
  `existencia` varchar(30) DEFAULT NULL,
  PRIMARY KEY (`id_activo`)
) ENGINE=InnoDB AUTO_INCREMENT=35 DEFAULT CHARSET=utf8mb4 COLLATE=utf8mb4_0900_ai_ci;
/*!40101 SET character_set_client = @saved_cs_client */;

--
-- Dumping data for table `activo`
--

LOCK TABLES `activo` WRITE;
/*!40000 ALTER TABLE `activo` DISABLE KEYS */;
INSERT INTO `activo` VALUES (1,'Iluminacion','ILUM - ','Si'),(2,'Aire Acondicionado','AACO - ','Si'),(3,'Radiador Calefaccion','RCAL - ','Si'),(4,'Puerta','PRTA - ','Si'),(5,'Ventanas & Cortinas','VENT - ','Si'),(6,'Luces de Emergencia','LEME - ','Si'),(7,'Matafuego','MTFG - ','Si'),(8,'Barandas y Escaleras','BESC - ','Si'),(9,'Tablero Electrico','TABE - ','Si'),(10,'Inodoro & Mochila','INOD - ','Si'),(11,'Mesada','MESA - ','Si'),(12,'Ventilador','VENT - ','Si'),(13,'Puerta Emergencia','PTAE - ','Si'),(14,'Ascensor','ASCN - ','Si'),(15,'Cortina Enrollar Motor','CORT - ','Si'),(16,'Termotanque','TMTQ - ','Si'),(17,'Calefactor','CALE - ','Si'),(18,'Caldera','CALD - ','Si'),(19,'Techos y Canaletas','TCHO - ','Si'),(20,'Balcones','BALCO - ','Si'),(21,'Paneles Solares e Inversor','PSOL - ','Si'),(22,'Portones','PORT -','Si'),(23,'Generador Electrico','GNDR - ','Si'),(24,'Bombas de Agua','BMBA - ','Si'),(25,'Tanques de Agua','TNQE - ','Si'),(26,'Rejillas & Desagues','DESA - ','Si'),(27,'Emergencia Alarma','EMER - ','Si'),(28,'Espacio Fisico ','ESFI - ','Si'),(29,'Ducha','DCHA - ','Si'),(30,'Cocheras','CHRA - ','Si'),(31,'Escalera','ESLR - ','Si'),(32,'Camara Desague','CDES -','Si'),(33,'Camara Septicas','CSEP - ','Si'),(34,'NA','NA','Si');
/*!40000 ALTER TABLE `activo` ENABLE KEYS */;
UNLOCK TABLES;

--
-- Table structure for table `activo_tarea`
--

DROP TABLE IF EXISTS `activo_tarea`;
/*!40101 SET @saved_cs_client     = @@character_set_client */;
/*!50503 SET character_set_client = utf8mb4 */;
CREATE TABLE `activo_tarea` (
  `id_activo_tarea` int NOT NULL AUTO_INCREMENT,
  `id_activo` int DEFAULT NULL,
  `id_tarea` int DEFAULT NULL,
  PRIMARY KEY (`id_activo_tarea`),
  KEY `id_activo` (`id_activo`),
  KEY `id_tarea` (`id_tarea`),
  CONSTRAINT `activo_tarea_ibfk_1` FOREIGN KEY (`id_activo`) REFERENCES `activo` (`id_activo`),
  CONSTRAINT `activo_tarea_ibfk_2` FOREIGN KEY (`id_tarea`) REFERENCES `tarea` (`id_tarea`)
) ENGINE=InnoDB AUTO_INCREMENT=494 DEFAULT CHARSET=utf8mb4 COLLATE=utf8mb4_0900_ai_ci;
/*!40101 SET character_set_client = @saved_cs_client */;

--
-- Dumping data for table `activo_tarea`
--

LOCK TABLES `activo_tarea` WRITE;
/*!40000 ALTER TABLE `activo_tarea` DISABLE KEYS */;
INSERT INTO `activo_tarea` VALUES (1,1,1),(2,1,7),(3,1,21),(4,1,36),(5,1,54),(6,1,55),(7,1,56),(8,1,57),(9,1,59),(10,1,67),(11,1,74),(12,1,83),(13,1,91),(14,1,100),(15,1,110),(16,1,111),(17,2,1),(18,2,7),(19,2,21),(20,2,37),(21,2,54),(22,2,55),(23,2,56),(24,2,57),(25,2,60),(26,2,58),(27,2,75),(28,2,84),(29,2,92),(30,2,101),(31,2,106),(32,2,110),(33,2,111),(34,3,1),(35,3,7),(36,3,22),(37,3,54),(38,3,55),(39,3,56),(40,3,58),(41,3,61),(42,3,69),(43,3,93),(44,3,102),(45,3,110),(46,3,111),(47,4,2),(48,4,8),(49,4,23),(50,4,38),(51,4,47),(52,4,53),(53,4,54),(54,4,55),(55,4,56),(56,4,58),(57,4,65),(58,4,70),(59,4,76),(60,4,86),(61,4,93),(62,4,102),(63,4,110),(64,4,111),(65,5,2),(66,5,8),(67,5,24),(68,5,38),(69,5,47),(70,5,54),(71,5,55),(72,5,56),(73,5,58),(74,5,65),(75,5,71),(76,5,76),(77,5,86),(78,5,93),(79,5,102),(80,5,110),(81,5,111),(82,6,1),(83,6,9),(84,6,22),(85,6,54),(86,6,55),(87,6,56),(88,6,58),(89,6,62),(90,6,60),(91,6,93),(92,6,102),(93,6,110),(94,6,111),(95,7,1),(96,7,8),(97,7,25),(98,7,54),(99,7,55),(100,7,56),(101,7,58),(102,7,62),(103,7,72),(104,7,93),(105,7,110),(106,7,111),(107,8,2),(108,8,54),(109,8,55),(110,8,56),(111,8,58),(112,8,63),(113,8,73),(114,8,93),(115,8,110),(116,8,111),(117,9,3),(118,9,10),(119,9,26),(120,9,54),(121,9,55),(122,9,56),(123,9,62),(124,9,73),(125,9,77),(126,9,87),(127,9,94),(128,9,103),(129,9,107),(130,9,110),(131,9,111),(132,10,1),(133,10,11),(134,10,54),(135,10,55),(136,10,56),(137,10,58),(138,10,62),(139,10,69),(140,10,93),(141,10,102),(142,10,110),(143,10,111),(144,11,2),(145,11,9),(146,11,39),(147,11,48),(148,11,54),(149,11,55),(150,11,56),(151,11,58),(152,11,62),(153,11,69),(154,11,93),(155,11,102),(156,11,110),(157,11,111),(158,12,1),(159,12,7),(160,12,27),(161,12,40),(162,12,49),(163,12,54),(164,12,55),(165,12,56),(166,12,58),(167,12,62),(168,12,65),(169,12,78),(170,12,75),(171,12,93),(172,12,102),(173,12,110),(174,12,111),(175,13,2),(176,13,8),(177,13,23),(178,13,38),(179,13,47),(180,13,53),(181,13,54),(182,13,55),(183,13,56),(184,13,58),(185,13,62),(186,13,65),(187,13,75),(188,13,76),(189,13,86),(190,13,102),(191,13,93),(192,13,110),(193,13,111),(194,14,1),(195,14,7),(196,14,28),(197,14,41),(198,14,50),(199,14,54),(200,14,55),(201,14,56),(202,14,58),(203,14,65),(204,14,75),(205,14,93),(206,14,102),(207,14,108),(208,14,110),(209,14,111),(210,15,1),(211,15,7),(212,15,2),(213,15,28),(214,15,16),(215,15,54),(216,15,55),(217,15,56),(218,15,58),(219,15,62),(220,15,65),(221,15,75),(222,15,78),(223,15,93),(224,15,102),(225,15,110),(226,15,111),(227,16,1),(228,16,7),(229,16,29),(230,16,21),(231,16,54),(232,16,55),(233,16,56),(234,16,57),(235,16,62),(236,16,65),(237,16,75),(238,16,78),(239,16,95),(240,16,93),(241,16,110),(242,16,111),(243,17,1),(244,17,7),(245,17,29),(246,17,21),(247,17,51),(248,17,54),(249,17,55),(250,17,56),(251,17,57),(252,17,62),(253,17,65),(254,17,75),(255,17,78),(256,17,95),(257,17,93),(258,17,110),(259,17,111),(260,18,1),(261,18,7),(262,18,29),(263,18,21),(264,18,54),(265,18,55),(266,18,56),(267,18,57),(268,18,65),(269,18,75),(270,18,96),(271,18,85),(272,18,108),(273,18,110),(274,18,111),(275,19,2),(276,19,12),(277,19,54),(278,19,55),(279,19,56),(280,19,57),(281,19,64),(282,19,65),(283,19,75),(284,19,89),(285,19,97),(286,19,104),(287,19,110),(288,19,111),(289,20,6),(290,20,14),(291,20,29),(292,20,44),(293,20,54),(294,20,55),(295,20,56),(296,20,57),(297,20,65),(298,20,65),(299,20,75),(300,20,78),(301,20,93),(302,20,110),(303,20,111),(304,21,1),(305,21,7),(306,21,31),(307,21,54),(308,21,55),(309,21,56),(310,21,57),(311,21,64),(312,21,65),(313,21,66),(314,21,75),(315,21,78),(316,21,93),(317,21,101),(318,21,108),(319,21,110),(320,21,111),(321,22,1),(322,22,15),(323,22,54),(324,22,55),(325,22,56),(326,22,57),(327,22,65),(328,22,66),(329,22,75),(330,22,93),(331,22,102),(332,22,110),(333,22,111),(334,23,4),(335,23,7),(336,23,21),(337,23,54),(338,23,55),(339,23,56),(340,23,57),(341,23,65),(342,23,66),(343,23,75),(344,23,93),(345,23,102),(346,23,108),(347,23,110),(348,23,111),(349,24,4),(350,24,7),(351,24,30),(352,24,54),(353,24,55),(354,24,56),(355,24,57),(356,24,65),(357,24,81),(358,24,75),(359,24,93),(360,24,102),(361,24,110),(362,24,111),(363,25,1),(364,25,7),(365,25,33),(366,25,45),(367,25,54),(368,25,55),(369,25,56),(370,25,58),(371,25,64),(372,25,65),(373,25,81),(374,25,75),(375,25,98),(376,25,102),(377,25,110),(378,25,111),(379,26,16),(380,26,34),(381,26,54),(382,26,55),(383,26,56),(384,26,58),(385,26,65),(386,26,69),(387,26,75),(388,26,96),(389,26,102),(390,26,110),(391,26,111),(392,27,1),(393,27,7),(394,27,54),(395,27,55),(396,27,56),(397,27,58),(398,27,65),(399,27,75),(400,27,93),(401,27,102),(402,27,110),(403,27,111),(404,28,12),(405,28,13),(406,28,14),(407,28,54),(408,28,55),(409,28,56),(410,28,58),(411,28,65),(417,28,110),(418,28,111),(419,29,1),(420,29,7),(421,29,8),(422,29,54),(423,29,55),(424,29,56),(425,29,58),(426,29,65),(427,29,81),(428,29,98),(429,29,102),(430,29,110),(431,29,111),(432,30,17),(433,30,35),(434,30,46),(435,30,54),(436,30,55),(437,30,56),(438,30,58),(439,30,64),(440,30,65),(441,30,75),(442,30,93),(443,30,110),(444,30,111),(445,31,1),(446,31,8),(447,31,54),(448,31,55),(449,31,56),(450,31,58),(451,31,65),(452,31,75),(453,31,98),(454,31,110),(455,31,111),(456,32,1),(457,32,7),(458,32,10),(459,32,54),(460,32,55),(461,32,56),(462,32,58),(463,32,65),(464,32,81),(465,32,75),(466,32,98),(467,32,102),(468,32,110),(469,32,111),(470,33,1),(471,33,7),(472,33,10),(473,33,54),(474,33,55),(475,33,56),(476,33,58),(477,33,65),(478,33,81),(479,33,75),(480,33,98),(481,33,102),(482,33,110),(483,33,111),(484,34,6),(485,34,13),(486,34,30),(487,34,43),(488,34,52),(489,34,54),(490,34,55),(491,34,56),(492,34,110),(493,34,111);
/*!40000 ALTER TABLE `activo_tarea` ENABLE KEYS */;
UNLOCK TABLES;

--
-- Table structure for table `cantidad`
--

DROP TABLE IF EXISTS `cantidad`;
/*!40101 SET @saved_cs_client     = @@character_set_client */;
/*!50503 SET character_set_client = utf8mb4 */;
CREATE TABLE `cantidad` (
  `id_cantidad` int NOT NULL AUTO_INCREMENT,
  `cantidad` int DEFAULT NULL,
  PRIMARY KEY (`id_cantidad`)
) ENGINE=InnoDB AUTO_INCREMENT=2001 DEFAULT CHARSET=utf8mb4 COLLATE=utf8mb4_0900_ai_ci;
/*!40101 SET character_set_client = @saved_cs_client */;

--
-- Dumping data for table `cantidad`
--

LOCK TABLES `cantidad` WRITE;
/*!40000 ALTER TABLE `cantidad` DISABLE KEYS */;
INSERT INTO `cantidad` VALUES (1,1),(2,2),(3,3),(4,4),(5,5),(6,6),(7,7),(8,8),(9,9),(10,10),(11,11),(12,12),(13,13),(14,14),(15,15),(16,16),(17,17),(18,18),(19,19),(20,20),(21,21),(22,22),(23,23),(24,24),(25,25),(26,26),(27,23),(28,28),(29,29),(30,30),(31,31),(32,32),(33,33),(34,34),(35,35),(36,36),(37,37),(38,38),(39,39),(40,40),(41,41),(42,42),(43,43),(44,44),(45,45),(46,46),(47,47),(48,48),(49,49),(50,50),(51,51),(52,52),(53,53),(54,54),(55,55),(56,56),(57,57),(58,58),(59,59),(60,60),(61,61),(62,62),(63,63),(64,64),(65,65),(66,66),(67,67),(68,68),(69,69),(70,70),(71,71),(72,72),(73,73),(74,74),(75,75),(76,76),(77,77),(78,78),(79,79),(80,80),(81,81),(82,82),(83,83),(84,84),(85,85),(86,86),(87,87),(88,88),(89,89),(90,90),(91,91),(92,92),(93,93),(94,94),(95,95),(96,96),(97,97),(98,98),(99,99),(100,100),(101,101),(102,102),(103,103),(104,104),(105,105),(106,106),(107,107),(108,108),(109,109),(110,110),(111,111),(112,112),(113,113),(114,114),(115,115),(116,116),(117,117),(118,118),(119,119),(120,120),(121,121),(122,122),(123,123),(124,124),(125,125),(126,126),(127,127),(128,128),(129,129),(130,130),(131,131),(132,132),(133,133),(134,134),(135,135),(136,136),(137,137),(138,138),(139,139),(140,140),(141,141),(142,142),(143,143),(144,144),(145,145),(146,146),(147,147),(148,148),(149,149),(150,150),(151,151),(152,152),(153,153),(154,154),(155,155),(156,156),(157,157),(158,158),(159,159),(160,160),(161,161),(162,162),(163,163),(164,164),(165,165),(166,166),(167,167),(168,168),(169,169),(170,170),(171,171),(172,172),(173,173),(174,174),(175,175),(176,176),(177,177),(178,178),(179,179),(180,180),(181,181),(182,182),(183,183),(184,184),(185,185),(186,186),(187,187),(188,188),(189,189),(190,190),(191,191),(192,192),(193,193),(194,194),(195,195),(196,196),(197,197),(198,198),(199,199),(200,200),(201,201),(202,202),(203,203),(204,204),(205,205),(206,206),(207,207),(208,208),(209,209),(210,210),(211,211),(212,212),(213,213),(214,214),(215,214),(216,216),(217,217),(218,218),(219,219),(220,220),(221,221),(222,222),(223,223),(224,224),(225,225),(226,226),(227,227),(228,228),(229,229),(230,230),(231,231),(232,232),(233,233),(234,234),(235,235),(236,236),(237,237),(238,238),(239,239),(240,240),(241,241),(242,242),(243,243),(244,244),(245,245),(246,246),(247,247),(248,248),(249,249),(250,250),(251,251),(252,252),(253,253),(254,254),(255,255),(256,256),(257,257),(258,258),(259,259),(260,260),(261,261),(262,262),(263,263),(264,263),(265,265),(266,266),(267,267),(268,268),(269,269),(270,270),(271,271),(272,272),(273,273),(274,274),(275,275),(276,276),(277,277),(278,278),(279,279),(280,280),(281,281),(282,282),(283,283),(284,284),(285,285),(286,286),(287,287),(288,288),(289,289),(290,290),(291,291),(292,292),(293,293),(294,294),(295,295),(296,296),(297,297),(298,298),(299,299),(300,300),(301,301),(302,302),(303,303),(304,304),(305,305),(306,306),(307,307),(308,308),(309,309),(310,310),(311,311),(312,312),(313,313),(314,314),(315,315),(316,316),(317,317),(318,319),(319,319),(320,320),(321,321),(322,322),(323,323),(324,324),(325,325),(326,326),(327,327),(328,328),(329,329),(330,330),(331,331),(332,332),(333,333),(334,334),(335,335),(336,336),(337,337),(338,338),(339,339),(340,340),(341,341),(342,342),(343,343),(344,344),(345,345),(346,346),(347,347),(348,348),(349,349),(350,350),(351,351),(352,352),(353,353),(354,354),(355,355),(356,356),(357,357),(358,358),(359,359),(360,360),(361,361),(362,362),(363,363),(364,364),(365,365),(366,366),(367,367),(368,368),(369,369),(370,370),(371,371),(372,372),(373,373),(374,374),(375,375),(376,376),(377,377),(378,378),(379,379),(380,380),(381,371),(382,382),(383,383),(384,384),(385,385),(386,386),(387,387),(388,388),(389,389),(390,390),(391,391),(392,92),(393,393),(394,394),(395,395),(396,396),(397,397),(398,398),(399,399),(400,400),(401,401),(402,402),(403,403),(404,404),(405,405),(406,406),(407,407),(408,408),(409,409),(410,410),(411,411),(412,412),(413,413),(414,414),(415,415),(416,416),(417,417),(418,418),(419,419),(420,420),(421,421),(422,422),(423,423),(424,424),(425,425),(426,426),(427,427),(428,428),(429,429),(430,430),(431,431),(432,432),(433,433),(434,434),(435,435),(436,436),(437,437),(438,438),(439,439),(440,440),(441,441),(442,442),(443,443),(444,444),(445,445),(446,446),(447,447),(448,448),(449,449),(450,450),(451,451),(452,452),(453,453),(454,454),(455,455),(456,456),(457,457),(458,458),(459,459),(460,460),(461,461),(462,462),(463,463),(464,464),(465,465),(466,466),(467,467),(468,468),(469,469),(470,470),(471,471),(472,472),(473,473),(474,474),(475,475),(476,476),(477,477),(478,478),(479,479),(480,480),(481,481),(482,482),(483,483),(484,484),(485,485),(486,486),(487,487),(488,488),(489,489),(490,490),(491,491),(492,492),(493,493),(494,494),(495,495),(496,496),(497,497),(498,498),(499,499),(500,500),(501,501),(502,502),(503,503),(504,504),(505,505),(506,506),(507,507),(508,508),(509,509),(510,510),(511,511),(512,512),(513,513),(514,514),(515,515),(516,516),(517,517),(518,518),(519,519),(520,520),(521,521),(522,522),(523,523),(524,524),(525,525),(526,526),(527,527),(528,528),(529,529),(530,530),(531,531),(532,532),(533,533),(534,534),(535,535),(536,536),(537,537),(538,538),(539,539),(540,540),(541,541),(542,542),(543,543),(544,544),(545,545),(546,546),(547,547),(548,548),(549,549),(550,550),(551,551),(552,552),(553,553),(554,554),(555,555),(556,556),(557,557),(558,558),(559,559),(560,560),(561,561),(562,562),(563,563),(564,564),(565,565),(566,566),(567,567),(568,568),(569,569),(570,570),(571,571),(572,572),(573,573),(574,574),(575,575),(576,576),(577,577),(578,578),(579,579),(580,580),(581,581),(582,582),(583,583),(584,584),(585,585),(586,586),(587,587),(588,588),(589,589),(590,590),(591,591),(592,592),(593,593),(594,594),(595,595),(596,596),(597,597),(598,598),(599,599),(600,600),(601,601),(602,602),(603,603),(604,604),(605,605),(606,606),(607,607),(608,608),(609,609),(610,610),(611,611),(612,612),(613,613),(614,614),(615,615),(616,616),(617,617),(618,618),(619,619),(620,620),(621,621),(622,622),(623,623),(624,624),(625,625),(626,626),(627,627),(628,628),(629,629),(630,630),(631,631),(632,632),(633,633),(634,634),(635,635),(636,636),(637,637),(638,638),(639,639),(640,640),(641,641),(642,642),(643,643),(644,644),(645,645),(646,645),(647,647),(648,648),(649,649),(650,650),(651,651),(652,652),(653,653),(654,654),(655,655),(656,656),(657,657),(658,658),(659,659),(660,660),(661,661),(662,662),(663,663),(664,664),(665,665),(666,666),(667,667),(668,668),(669,669),(670,670),(671,671),(672,672),(673,673),(674,674),(675,675),(676,676),(677,677),(678,678),(679,679),(680,680),(681,681),(682,682),(683,683),(684,684),(685,685),(686,686),(687,687),(688,688),(689,689),(690,690),(691,691),(692,692),(693,693),(694,694),(695,695),(696,696),(697,697),(698,698),(699,699),(700,700),(701,701),(702,701),(703,703),(704,704),(705,705),(706,706),(707,707),(708,708),(709,709),(710,710),(711,711),(712,712),(713,713),(714,714),(715,175),(716,716),(717,717),(718,718),(719,719),(720,720),(721,721),(722,722),(723,723),(724,724),(725,725),(726,726),(727,727),(728,728),(729,729),(730,730),(731,731),(732,732),(733,733),(734,734),(735,735),(736,736),(737,737),(738,738),(739,739),(740,740),(741,741),(742,742),(743,743),(744,744),(745,745),(746,746),(747,747),(748,748),(749,749),(750,750),(751,751),(752,752),(753,753),(754,754),(755,755),(756,756),(757,757),(758,758),(759,759),(760,760),(761,761),(762,762),(763,763),(764,764),(765,765),(766,766),(767,767),(768,768),(769,769),(770,770),(771,771),(772,772),(773,773),(774,774),(775,775),(776,776),(777,777),(778,778),(779,779),(780,780),(781,781),(782,782),(783,783),(784,784),(785,785),(786,786),(787,787),(788,788),(789,789),(790,790),(791,791),(792,792),(793,793),(794,794),(795,795),(796,796),(797,797),(798,798),(799,799),(800,800),(801,801),(802,802),(803,803),(804,804),(805,805),(806,806),(807,807),(808,808),(809,809),(810,810),(811,811),(812,812),(813,813),(814,814),(815,815),(816,816),(817,817),(818,818),(819,819),(820,820),(821,821),(822,822),(823,823),(824,824),(825,825),(826,826),(827,827),(828,828),(829,829),(830,830),(831,831),(832,832),(833,833),(834,834),(835,835),(836,836),(837,837),(838,838),(839,839),(840,840),(841,841),(842,842),(843,843),(844,844),(845,845),(846,846),(847,847),(848,848),(849,849),(850,850),(851,851),(852,852),(853,853),(854,854),(855,855),(856,856),(857,857),(858,858),(859,859),(860,860),(861,861),(862,862),(863,863),(864,864),(865,865),(866,866),(867,867),(868,868),(869,869),(870,870),(871,871),(872,872),(873,873),(874,874),(875,875),(876,876),(877,877),(878,878),(879,879),(880,880),(881,881),(882,882),(883,883),(884,884),(885,885),(886,886),(887,887),(888,888),(889,889),(890,890),(891,891),(892,892),(893,893),(894,894),(895,895),(896,896),(897,897),(898,898),(899,899),(900,900),(901,901),(902,902),(903,903),(904,904),(905,905),(906,906),(907,907),(908,908),(909,909),(910,910),(911,911),(912,912),(913,913),(914,914),(915,915),(916,916),(917,917),(918,918),(919,919),(920,920),(921,921),(922,922),(923,923),(924,924),(925,925),(926,926),(927,927),(928,928),(929,929),(930,930),(931,931),(932,932),(933,933),(934,934),(935,935),(936,936),(937,937),(938,938),(939,939),(940,940),(941,941),(942,942),(943,943),(944,944),(945,945),(946,946),(947,947),(948,948),(949,949),(950,950),(951,951),(952,952),(953,953),(954,954),(955,955),(956,956),(957,957),(958,958),(959,959),(960,960),(961,961),(962,962),(963,963),(964,964),(965,965),(966,966),(967,967),(968,968),(969,969),(970,970),(971,971),(972,972),(973,973),(974,974),(975,975),(976,976),(977,977),(978,978),(979,979),(980,980),(981,981),(982,982),(983,983),(984,984),(985,985),(986,986),(987,987),(988,988),(989,989),(990,990),(991,991),(992,992),(993,993),(994,994),(995,995),(996,996),(997,997),(998,998),(999,999),(1000,1000),(1001,1001),(1002,1002),(1003,1003),(1004,1004),(1005,1005),(1006,1006),(1007,1007),(1008,1008),(1009,1009),(1010,1010),(1011,1011),(1012,1012),(1013,1013),(1014,1014),(1015,1015),(1016,1016),(1017,1017),(1018,1018),(1019,1019),(1020,1020),(1021,1021),(1022,1022),(1023,1023),(1024,1024),(1025,1025),(1026,1026),(1027,1027),(1028,1028),(1029,1029),(1030,1030),(1031,1031),(1032,1032),(1033,1033),(1034,1034),(1035,1035),(1036,1036),(1037,1037),(1038,1038),(1039,1039),(1040,1040),(1041,1041),(1042,1042),(1043,1043),(1044,1044),(1045,1045),(1046,1046),(1047,1047),(1048,1048),(1049,1049),(1050,1050),(1051,1051),(1052,1052),(1053,1053),(1054,1054),(1055,1055),(1056,1056),(1057,1057),(1058,1058),(1059,1059),(1060,1060),(1061,1061),(1062,1062),(1063,1063),(1064,1064),(1065,1065),(1066,1066),(1067,1067),(1068,1068),(1069,1069),(1070,1070),(1071,1071),(1072,1072),(1073,1073),(1074,1074),(1075,1075),(1076,1076),(1077,1077),(1078,1078),(1079,1079),(1080,1080),(1081,1081),(1082,1082),(1083,1083),(1084,1084),(1085,1085),(1086,1086),(1087,1087),(1088,1088),(1089,1089),(1090,1090),(1091,1091),(1092,1092),(1093,1093),(1094,1094),(1095,1095),(1096,1096),(1097,1097),(1098,1098),(1099,1099),(1100,1100),(1101,1101),(1102,1102),(1103,1103),(1104,1104),(1105,1105),(1106,1106),(1107,1107),(1108,1108),(1109,1109),(1110,1110),(1111,1111),(1112,1112),(1113,1113),(1114,1114),(1115,1115),(1116,1116),(1117,1117),(1118,1118),(1119,1119),(1120,1120),(1121,1121),(1122,1122),(1123,1123),(1124,1124),(1125,1125),(1126,1126),(1127,1127),(1128,1128),(1129,1129),(1130,1130),(1131,1131),(1132,1132),(1133,1133),(1134,1134),(1135,1135),(1136,1136),(1137,1137),(1138,1138),(1139,1139),(1140,1140),(1141,1141),(1142,1142),(1143,1143),(1144,1144),(1145,1145),(1146,1146),(1147,1147),(1148,1148),(1149,1149),(1150,1150),(1151,1151),(1152,1152),(1153,1153),(1154,1154),(1155,1155),(1156,1156),(1157,1157),(1158,1158),(1159,1159),(1160,1160),(1161,1161),(1162,1162),(1163,1163),(1164,1164),(1165,1165),(1166,1166),(1167,1167),(1168,1168),(1169,1169),(1170,1170),(1171,1171),(1172,1172),(1173,1173),(1174,1174),(1175,1175),(1176,1176),(1177,1177),(1178,1178),(1179,1179),(1180,1180),(1181,1181),(1182,1182),(1183,1183),(1184,1184),(1185,1185),(1186,1186),(1187,1187),(1188,1188),(1189,1189),(1190,1190),(1191,1191),(1192,1192),(1193,1193),(1194,1194),(1195,1195),(1196,1196),(1197,1197),(1198,1198),(1199,1199),(1200,1200),(1201,1201),(1202,1202),(1203,1203),(1204,1204),(1205,1205),(1206,1206),(1207,1207),(1208,1208),(1209,1209),(1210,1210),(1211,1211),(1212,1212),(1213,1213),(1214,1214),(1215,1215),(1216,1216),(1217,1217),(1218,1218),(1219,1219),(1220,1220),(1221,1221),(1222,1222),(1223,1223),(1224,1224),(1225,1225),(1226,1226),(1227,1227),(1228,1228),(1229,1229),(1230,1230),(1231,1231),(1232,1232),(1233,1233),(1234,1234),(1235,1235),(1236,1236),(1237,1237),(1238,1238),(1239,1239),(1240,1240),(1241,1241),(1242,1242),(1243,1243),(1244,1244),(1245,1245),(1246,1246),(1247,1247),(1248,1248),(1249,1249),(1250,1250),(1251,1251),(1252,1252),(1253,1253),(1254,1254),(1255,1255),(1256,1256),(1257,1257),(1258,1258),(1259,1259),(1260,1260),(1261,1261),(1262,1262),(1263,1263),(1264,1264),(1265,1265),(1266,1266),(1267,1267),(1268,1268),(1269,1269),(1270,1270),(1271,1271),(1272,1272),(1273,1273),(1274,1274),(1275,1275),(1276,1276),(1277,1277),(1278,1278),(1279,1279),(1280,1280),(1281,1281),(1282,1282),(1283,1283),(1284,1284),(1285,1285),(1286,1286),(1287,1287),(1288,1288),(1289,1289),(1290,1290),(1291,1291),(1292,1292),(1293,1293),(1294,1294),(1295,1295),(1296,1296),(1297,1297),(1298,1298),(1299,1299),(1300,1300),(1301,1301),(1302,1302),(1303,1303),(1304,1304),(1305,1305),(1306,1306),(1307,1307),(1308,1308),(1309,1309),(1310,1310),(1311,1311),(1312,1312),(1313,1313),(1314,1314),(1315,1315),(1316,1316),(1317,1317),(1318,1318),(1319,1319),(1320,1320),(1321,1321),(1322,1322),(1323,1323),(1324,1324),(1325,1325),(1326,1326),(1327,1327),(1328,1328),(1329,1329),(1330,1330),(1331,1331),(1332,1332),(1333,1333),(1334,1334),(1335,1335),(1336,1336),(1337,1337),(1338,1338),(1339,1339),(1340,1340),(1341,1341),(1342,1342),(1343,1343),(1344,1344),(1345,1345),(1346,1346),(1347,1347),(1348,1348),(1349,1349),(1350,1350),(1351,1351),(1352,1352),(1353,1353),(1354,1354),(1355,1355),(1356,1356),(1357,1357),(1358,1358),(1359,1359),(1360,1360),(1361,1361),(1362,1362),(1363,1363),(1364,1364),(1365,1365),(1366,1366),(1367,1367),(1368,1368),(1369,1369),(1370,1370),(1371,1371),(1372,1372),(1373,1373),(1374,1374),(1375,1375),(1376,1376),(1377,1377),(1378,1378),(1379,1379),(1380,1380),(1381,1381),(1382,1382),(1383,1383),(1384,1384),(1385,1385),(1386,1386),(1387,1387),(1388,1388),(1389,1389),(1390,1390),(1391,1391),(1392,1392),(1393,1393),(1394,1394),(1395,1395),(1396,1396),(1397,1397),(1398,1398),(1399,1399),(1400,1400),(1401,1401),(1402,1402),(1403,1403),(1404,1404),(1405,1405),(1406,1406),(1407,1407),(1408,1408),(1409,1409),(1410,1410),(1411,1411),(1412,1412),(1413,1413),(1414,1414),(1415,1415),(1416,1416),(1417,1417),(1418,1418),(1419,1419),(1420,1420),(1421,1421),(1422,1422),(1423,1423),(1424,1424),(1425,1425),(1426,1426),(1427,1427),(1428,1428),(1429,1429),(1430,1430),(1431,1431),(1432,1432),(1433,1433),(1434,1434),(1435,1435),(1436,1436),(1437,1437),(1438,1438),(1439,1439),(1440,1440),(1441,1441),(1442,1442),(1443,1443),(1444,1444),(1445,1445),(1446,1446),(1447,1447),(1448,1448),(1449,1449),(1450,1450),(1451,1451),(1452,1452),(1453,1453),(1454,1454),(1455,1455),(1456,1456),(1457,1457),(1458,1458),(1459,1459),(1460,1460),(1461,1461),(1462,1462),(1463,1463),(1464,1464),(1465,1465),(1466,1466),(1467,1467),(1468,1468),(1469,1469),(1470,1470),(1471,1471),(1472,1472),(1473,1473),(1474,1474),(1475,1475),(1476,1476),(1477,1477),(1478,1478),(1479,1479),(1480,1480),(1481,1481),(1482,1482),(1483,1483),(1484,1484),(1485,1485),(1486,1486),(1487,1487),(1488,1488),(1489,1489),(1490,1490),(1491,1491),(1492,1492),(1493,1493),(1494,1494),(1495,1495),(1496,1496),(1497,1497),(1498,1498),(1499,1499),(1500,1500),(1501,1501),(1502,1502),(1503,1503),(1504,1504),(1505,1505),(1506,1506),(1507,1507),(1508,1508),(1509,1509),(1510,1510),(1511,1511),(1512,1512),(1513,1513),(1514,1514),(1515,1515),(1516,1516),(1517,1517),(1518,1518),(1519,1519),(1520,1520),(1521,1521),(1522,1522),(1523,1523),(1524,1524),(1525,1525),(1526,1526),(1527,1527),(1528,1528),(1529,1529),(1530,1530),(1531,1531),(1532,1532),(1533,1533),(1534,1534),(1535,1535),(1536,1536),(1537,1537),(1538,1538),(1539,1539),(1540,1540),(1541,1541),(1542,1542),(1543,1543),(1544,1544),(1545,1545),(1546,1546),(1547,1547),(1548,1548),(1549,1549),(1550,1550),(1551,1551),(1552,1552),(1553,1553),(1554,1554),(1555,1555),(1556,1556),(1557,1557),(1558,1558),(1559,1559),(1560,1560),(1561,1561),(1562,1562),(1563,1563),(1564,1564),(1565,1565),(1566,1566),(1567,1567),(1568,1568),(1569,1569),(1570,1570),(1571,1571),(1572,1572),(1573,1573),(1574,1574),(1575,1575),(1576,1576),(1577,1577),(1578,1578),(1579,1579),(1580,1580),(1581,1581),(1582,1582),(1583,1583),(1584,1584),(1585,1585),(1586,1586),(1587,1587),(1588,1588),(1589,1589),(1590,1590),(1591,1591),(1592,1592),(1593,1593),(1594,1594),(1595,1595),(1596,1596),(1597,1597),(1598,1598),(1599,1599),(1600,1600),(1601,1601),(1602,1602),(1603,1603),(1604,1604),(1605,1605),(1606,1606),(1607,1607),(1608,1608),(1609,1609),(1610,1610),(1611,1611),(1612,1612),(1613,1613),(1614,1614),(1615,1615),(1616,1616),(1617,1617),(1618,1618),(1619,1619),(1620,1620),(1621,1621),(1622,1622),(1623,1623),(1624,1624),(1625,1625),(1626,1626),(1627,1627),(1628,1628),(1629,1629),(1630,1630),(1631,1631),(1632,1632),(1633,1633),(1634,1634),(1635,1635),(1636,1636),(1637,1637),(1638,1638),(1639,1639),(1640,1640),(1641,1641),(1642,1642),(1643,1643),(1644,1644),(1645,1645),(1646,1646),(1647,1647),(1648,1648),(1649,1649),(1650,1650),(1651,1651),(1652,1652),(1653,1653),(1654,1654),(1655,1655),(1656,1656),(1657,1657),(1658,1658),(1659,1659),(1660,1660),(1661,1661),(1662,1662),(1663,1663),(1664,1664),(1665,1665),(1666,1666),(1667,1667),(1668,1668),(1669,1669),(1670,1670),(1671,1671),(1672,1672),(1673,1673),(1674,1674),(1675,1675),(1676,1676),(1677,1677),(1678,1678),(1679,1679),(1680,1680),(1681,1681),(1682,1682),(1683,1683),(1684,1684),(1685,1685),(1686,1686),(1687,1687),(1688,1688),(1689,1689),(1690,1690),(1691,1691),(1692,1692),(1693,1693),(1694,1694),(1695,1695),(1696,1696),(1697,1697),(1698,1698),(1699,1699),(1700,1700),(1701,1701),(1702,1702),(1703,1703),(1704,1704),(1705,1705),(1706,1706),(1707,1707),(1708,1708),(1709,1709),(1710,1710),(1711,1711),(1712,1712),(1713,1713),(1714,1714),(1715,1715),(1716,1716),(1717,1717),(1718,1718),(1719,1719),(1720,1720),(1721,1721),(1722,1722),(1723,1723),(1724,1724),(1725,1725),(1726,1726),(1727,1727),(1728,1728),(1729,1729),(1730,1730),(1731,1731),(1732,1732),(1733,1733),(1734,1734),(1735,1735),(1736,1736),(1737,1737),(1738,1738),(1739,1739),(1740,1740),(1741,1741),(1742,1742),(1743,1743),(1744,1744),(1745,1745),(1746,1746),(1747,1747),(1748,1748),(1749,1749),(1750,1750),(1751,1751),(1752,1752),(1753,1753),(1754,1754),(1755,1755),(1756,1756),(1757,1757),(1758,1758),(1759,1759),(1760,1760),(1761,1761),(1762,1762),(1763,1763),(1764,1764),(1765,1765),(1766,1766),(1767,1767),(1768,1768),(1769,1769),(1770,1770),(1771,1771),(1772,1772),(1773,1773),(1774,1774),(1775,1775),(1776,1776),(1777,1777),(1778,1778),(1779,1779),(1780,1780),(1781,1781),(1782,1782),(1783,1783),(1784,1784),(1785,1785),(1786,1786),(1787,1787),(1788,1788),(1789,1789),(1790,1790),(1791,1791),(1792,1792),(1793,1793),(1794,1794),(1795,1795),(1796,1796),(1797,1797),(1798,1798),(1799,1799),(1800,1800),(1801,1801),(1802,1802),(1803,1803),(1804,1804),(1805,1805),(1806,1806),(1807,1807),(1808,1808),(1809,1809),(1810,1810),(1811,1811),(1812,1812),(1813,1813),(1814,1814),(1815,1815),(1816,1816),(1817,1817),(1818,1818),(1819,1819),(1820,1820),(1821,1821),(1822,1822),(1823,1823),(1824,1824),(1825,1825),(1826,1826),(1827,1827),(1828,1828),(1829,1829),(1830,1830),(1831,1831),(1832,1832),(1833,1833),(1834,1834),(1835,1835),(1836,1836),(1837,1837),(1838,1838),(1839,1839),(1840,1840),(1841,1841),(1842,1842),(1843,1843),(1844,1844),(1845,1845),(1846,1846),(1847,1847),(1848,1848),(1849,1849),(1850,1850),(1851,1851),(1852,1852),(1853,1853),(1854,1854),(1855,1855),(1856,1856),(1857,1857),(1858,1858),(1859,1859),(1860,1860),(1861,1861),(1862,1862),(1863,1863),(1864,1864),(1865,1865),(1866,1866),(1867,1867),(1868,1868),(1869,1869),(1870,1870),(1871,1871),(1872,1872),(1873,1873),(1874,1874),(1875,1875),(1876,1876),(1877,1877),(1878,1878),(1879,1879),(1880,1880),(1881,1881),(1882,1882),(1883,1883),(1884,1884),(1885,1885),(1886,1886),(1887,1887),(1888,1888),(1889,1889),(1890,1890),(1891,1891),(1892,1892),(1893,1893),(1894,1894),(1895,1895),(1896,1896),(1897,1897),(1898,1898),(1899,1899),(1900,1900),(1901,1901),(1902,1902),(1903,1903),(1904,1904),(1905,1905),(1906,1906),(1907,1907),(1908,1908),(1909,1909),(1910,1910),(1911,1911),(1912,1912),(1913,1913),(1914,1914),(1915,1915),(1916,1916),(1917,1917),(1918,1918),(1919,1919),(1920,1920),(1921,1921),(1922,1922),(1923,1923),(1924,1924),(1925,1925),(1926,1926),(1927,1927),(1928,1928),(1929,1929),(1930,1930),(1931,1931),(1932,1932),(1933,1933),(1934,1934),(1935,1935),(1936,1936),(1937,1937),(1938,1938),(1939,1939),(1940,1940),(1941,1941),(1942,1942),(1943,1943),(1944,1944),(1945,1945),(1946,1946),(1947,1947),(1948,1948),(1949,1949),(1950,1950),(1951,1951),(1952,1952),(1953,1953),(1954,1954),(1955,1955),(1956,1956),(1957,1957),(1958,1958),(1959,1959),(1960,1960),(1961,1961),(1962,1962),(1963,1963),(1964,1964),(1965,1965),(1966,1966),(1967,1967),(1968,1968),(1969,1969),(1970,1970),(1971,1971),(1972,1972),(1973,1973),(1974,1974),(1975,1975),(1976,1976),(1977,1977),(1978,1978),(1979,1979),(1980,1980),(1981,1981),(1982,1982),(1983,1983),(1984,1984),(1985,1985),(1986,1986),(1987,1987),(1988,1988),(1989,1989),(1990,1990),(1991,1991),(1992,1992),(1993,1993),(1994,1994),(1995,1995),(1996,1996),(1997,1997),(1998,1998),(1999,1999),(2000,2000);
/*!40000 ALTER TABLE `cantidad` ENABLE KEYS */;
UNLOCK TABLES;

--
-- Table structure for table `edificio`
--

DROP TABLE IF EXISTS `edificio`;
/*!40101 SET @saved_cs_client     = @@character_set_client */;
/*!50503 SET character_set_client = utf8mb4 */;
CREATE TABLE `edificio` (
  `id_edificio` int NOT NULL AUTO_INCREMENT,
  `nombre` varchar(100) DEFAULT NULL,
  `calle` varchar(255) DEFAULT NULL,
  `existencia` varchar(30) DEFAULT NULL,
  PRIMARY KEY (`id_edificio`)
) ENGINE=InnoDB AUTO_INCREMENT=5 DEFAULT CHARSET=utf8mb4 COLLATE=utf8mb4_0900_ai_ci;
/*!40101 SET character_set_client = @saved_cs_client */;

--
-- Dumping data for table `edificio`
--

LOCK TABLES `edificio` WRITE;
/*!40000 ALTER TABLE `edificio` DISABLE KEYS */;
INSERT INTO `edificio` VALUES (1,'UTN FRVT','Laprida 651 ','Si'),(2,'FAGDUT VT','Laprida 648 ','Si'),(3,'ATEVEN','Laprida 652 ','Si'),(4,'UTN // UCES','Castelli 501 ','Si');
/*!40000 ALTER TABLE `edificio` ENABLE KEYS */;
UNLOCK TABLES;

--
-- Table structure for table `estado`
--

DROP TABLE IF EXISTS `estado`;
/*!40101 SET @saved_cs_client     = @@character_set_client */;
/*!50503 SET character_set_client = utf8mb4 */;
CREATE TABLE `estado` (
  `id_estado` int NOT NULL AUTO_INCREMENT,
  `descripcion` varchar(100) NOT NULL,
  PRIMARY KEY (`id_estado`)
) ENGINE=InnoDB DEFAULT CHARSET=utf8mb4 COLLATE=utf8mb4_0900_ai_ci;
/*!40101 SET character_set_client = @saved_cs_client */;

--
-- Dumping data for table `estado`
--

LOCK TABLES `estado` WRITE;
/*!40000 ALTER TABLE `estado` DISABLE KEYS */;
/*!40000 ALTER TABLE `estado` ENABLE KEYS */;
UNLOCK TABLES;

--
-- Table structure for table `labor`
--

DROP TABLE IF EXISTS `labor`;
/*!40101 SET @saved_cs_client     = @@character_set_client */;
/*!50503 SET character_set_client = utf8mb4 */;
CREATE TABLE `labor` (
  `id_labor` int NOT NULL AUTO_INCREMENT,
  `descripcion` varchar(255) DEFAULT NULL,
  PRIMARY KEY (`id_labor`)
) ENGINE=InnoDB AUTO_INCREMENT=3 DEFAULT CHARSET=utf8mb4 COLLATE=utf8mb4_0900_ai_ci;
/*!40101 SET character_set_client = @saved_cs_client */;

--
-- Dumping data for table `labor`
--

LOCK TABLES `labor` WRITE;
/*!40000 ALTER TABLE `labor` DISABLE KEYS */;
INSERT INTO `labor` VALUES (1,'Inspeccion'),(2,'Mant. Prev. Planif.');
/*!40000 ALTER TABLE `labor` ENABLE KEYS */;
UNLOCK TABLES;

--
-- Table structure for table `orden_trabajo`
--

DROP TABLE IF EXISTS `orden_trabajo`;
/*!40101 SET @saved_cs_client     = @@character_set_client */;
/*!50503 SET character_set_client = utf8mb4 */;
CREATE TABLE `orden_trabajo` (
  `id_ot` int NOT NULL AUTO_INCREMENT,
  `id_tag` int DEFAULT NULL,
  `id_usuarios` int DEFAULT NULL,
  `id_estado` int DEFAULT NULL,
  `descripcion` varchar(255) DEFAULT NULL,
  `fecha_creacion` datetime DEFAULT CURRENT_TIMESTAMP,
  `fecha_finalizacion` datetime DEFAULT NULL,
  `tiempo_inicio` datetime DEFAULT NULL,
  `tiempo_finalizacion` datetime DEFAULT NULL,
  PRIMARY KEY (`id_ot`),
  KEY `id_tag` (`id_tag`),
  KEY `id_usuarios` (`id_usuarios`),
  KEY `id_estado` (`id_estado`),
  CONSTRAINT `orden_trabajo_ibfk_1` FOREIGN KEY (`id_tag`) REFERENCES `tag` (`id_tag`),
  CONSTRAINT `orden_trabajo_ibfk_2` FOREIGN KEY (`id_usuarios`) REFERENCES `usuarios` (`id_usuarios`),
  CONSTRAINT `orden_trabajo_ibfk_3` FOREIGN KEY (`id_estado`) REFERENCES `estado` (`id_estado`)
) ENGINE=InnoDB DEFAULT CHARSET=utf8mb4 COLLATE=utf8mb4_0900_ai_ci;
/*!40101 SET character_set_client = @saved_cs_client */;

--
-- Dumping data for table `orden_trabajo`
--

LOCK TABLES `orden_trabajo` WRITE;
/*!40000 ALTER TABLE `orden_trabajo` DISABLE KEYS */;
/*!40000 ALTER TABLE `orden_trabajo` ENABLE KEYS */;
UNLOCK TABLES;

--
-- Table structure for table `piso`
--

DROP TABLE IF EXISTS `piso`;
/*!40101 SET @saved_cs_client     = @@character_set_client */;
/*!50503 SET character_set_client = utf8mb4 */;
CREATE TABLE `piso` (
  `id_piso` int NOT NULL AUTO_INCREMENT,
  `nombre` varchar(100) DEFAULT NULL,
  `existencia` varchar(30) DEFAULT NULL,
  PRIMARY KEY (`id_piso`)
) ENGINE=InnoDB AUTO_INCREMENT=11 DEFAULT CHARSET=utf8mb4 COLLATE=utf8mb4_0900_ai_ci;
/*!40101 SET character_set_client = @saved_cs_client */;

--
-- Dumping data for table `piso`
--

LOCK TABLES `piso` WRITE;
/*!40000 ALTER TABLE `piso` DISABLE KEYS */;
INSERT INTO `piso` VALUES (1,'Planta Baja','Si'),(2,'1er. Piso','Si'),(3,'2do. Piso','Si'),(4,'3er. Piso','Si'),(5,'4to. Piso','Si'),(6,'5to. Piso','Si'),(7,'Nivel 0','Si'),(8,'Nivel Bajo 0','Si'),(9,'Techo','Si'),(10,'Entrepiso','Si');
/*!40000 ALTER TABLE `piso` ENABLE KEYS */;
UNLOCK TABLES;

--
-- Table structure for table `sector`
--

DROP TABLE IF EXISTS `sector`;
/*!40101 SET @saved_cs_client     = @@character_set_client */;
/*!50503 SET character_set_client = utf8mb4 */;
CREATE TABLE `sector` (
  `id_sector` int NOT NULL AUTO_INCREMENT,
  `nombre` varchar(100) DEFAULT NULL,
  `existencia` varchar(30) DEFAULT NULL,
  PRIMARY KEY (`id_sector`)
) ENGINE=InnoDB AUTO_INCREMENT=105 DEFAULT CHARSET=utf8mb4 COLLATE=utf8mb4_0900_ai_ci;
/*!40101 SET character_set_client = @saved_cs_client */;

--
-- Dumping data for table `sector`
--

LOCK TABLES `sector` WRITE;
/*!40000 ALTER TABLE `sector` DISABLE KEYS */;
INSERT INTO `sector` VALUES (1,'Aula 20','Si'),(2,'Aula Video Conferencia','Si'),(3,'Aula 19 - Lab. Informatica','Si'),(4,'Centro de Comunicaciones','Si'),(5,'Pasillo C','Si'),(6,'Pasillo D','Si'),(7,'Lab. Arquitectura','Si'),(8,'Escalera 4','Si'),(9,'Baños Mixtos','Si'),(10,'Baño Lab. Arquitectura','Si'),(11,'Aula 21','Si'),(12,'Aula 22','Si'),(13,'Aula 27','Si'),(14,'Aula 23','Si'),(15,'Aula 26','Si'),(16,'SUM','Si'),(17,'Aula 25','Si'),(18,'Pasillo E','Si'),(19,'Escalera 5','Si'),(20,'Escalera 3','Si'),(21,'Pasillo A','Si'),(22,'Escalera 1','Si'),(23,'Pasillo B','Si'),(24,'Escalera 2','Si'),(25,'Alumnado','Si'),(26,'Administración','Si'),(27,'Gabinete Ps.','Si'),(28,'Sec. Académica','Si'),(29,'Of. de Personal','Si'),(30,'Baño Hombre Pasillo B','Si'),(31,'Baño Dama Pasillo B','Si'),(32,'Baño Discapacitado Pasillo B','Si'),(33,'Cantina','Si'),(34,'Biblioteca','Si'),(35,'Sala de Lectura','Si'),(36,'Sec. Asuntos Estudiantiles','Si'),(37,'Dasuten','Si'),(38,'Aula 1','Si'),(39,'Baño Dama Pasillo E','Si'),(40,'Baño Hombre Pasillo D','Si'),(41,'Laboratorio de Suelos','Si'),(42,'Baño Discapacitado Pasillo C','Si'),(43,'Baño Hombre Pasillo C','Si'),(44,'Laboratorio de Materiales','Si'),(45,'Nave Laboratorios Civil','Si'),(46,'Pasillo A Nave Electromecánica ','Si'),(47,'Pasillo B Nave Electromecánica ','Si'),(48,'Laboratorio de Mecánica','Si'),(49,'Mantenimiento','Si'),(50,'GDE','Si'),(51,'Laboratorio de Ensayo de Motores','Si'),(52,'Metrología','Si'),(53,'Baño Hombre Nave Electro','Si'),(54,'Baño Dama Nave Electro','Si'),(55,'SUM ll','Si'),(56,'Acceso Calle La Heras','Si'),(57,'Hall Ingreso Calle Laprida','Si'),(58,'Sala de Consejo','Si'),(59,'Unidad Vinculación Tecnológica','Si'),(60,'Secretaría Extensión Universitaria','Si'),(61,'Área de Convenios','Si'),(62,'Secretaría Administrativa','Si'),(63,'Cursos de Capacitación','Si'),(64,'Decanato','Si'),(65,'Vice-Decanato','Si'),(66,'Secretaría de Decanato','Si'),(67,'Cocina Pasillo B','Si'),(68,'Depto. Ing. Electromecánica','Si'),(69,'Depto. Ing. Civil','Si'),(70,'Depto. Básicas','Si'),(71,'Laboratorio Química','Si'),(72,'Aula 11','Si'),(73,'Lab. Información Geográfica','Si'),(74,'Aula 10','Si'),(75,'Aula 14D','Si'),(76,'Aula 14C','Si'),(77,'Aula 14B','Si'),(78,'Aula 14A','Si'),(79,'Aula 15','Si'),(80,'Aula 16','Si'),(81,'Aula 17','Si'),(82,'Aula 13','Si'),(83,'Aula 13Bis','Si'),(84,'Escalera 6','Si'),(85,'Escalera 7','Si'),(86,'Escalera 8','Si'),(87,'Laboratorio Metalografía','Si'),(88,'Laboratorio  Energías Renovables','Si'),(89,'Laboratorio Electricidad','Si'),(90,'Área Usos Multiples','Si'),(91,'Aula 28','Si'),(92,'Aula 29','Si'),(93,'Aula 31','Si'),(94,'Pasillo SUM','Si'),(95,'Escalera 7','Si'),(96,'Calles Las Heras','Si'),(97,'Patio Interno','Si'),(98,'Pasillo Calle Las Heras','Si'),(99,'Estacionamiento ','Si'),(100,'Patio Estacionamiento','Si'),(101,'Calle Laprida','Si'),(102,'Patio Cantina','Si'),(103,'Medición CEVT Laprida','Si'),(104,'Sala de Bombas','Si');
/*!40000 ALTER TABLE `sector` ENABLE KEYS */;
UNLOCK TABLES;

--
-- Table structure for table `tag`
--

DROP TABLE IF EXISTS `tag`;
/*!40101 SET @saved_cs_client     = @@character_set_client */;
/*!50503 SET character_set_client = utf8mb4 */;
CREATE TABLE `tag` (
  `id_tag` int NOT NULL AUTO_INCREMENT,
  `id_edificio` int DEFAULT NULL,
  `id_piso` int DEFAULT NULL,
  `id_sector` int DEFAULT NULL,
  `id_activo` int DEFAULT NULL,
  `id_ubicacion` int DEFAULT NULL,
  `id_cantidad` int DEFAULT NULL,
  PRIMARY KEY (`id_tag`),
  KEY `id_edificio` (`id_edificio`),
  KEY `id_piso` (`id_piso`),
  KEY `id_sector` (`id_sector`),
  KEY `id_activo` (`id_activo`),
  KEY `id_ubicacion` (`id_ubicacion`),
  KEY `id_cantidad` (`id_cantidad`),
  CONSTRAINT `tag_ibfk_1` FOREIGN KEY (`id_edificio`) REFERENCES `edificio` (`id_edificio`),
  CONSTRAINT `tag_ibfk_2` FOREIGN KEY (`id_piso`) REFERENCES `piso` (`id_piso`),
  CONSTRAINT `tag_ibfk_3` FOREIGN KEY (`id_sector`) REFERENCES `sector` (`id_sector`),
  CONSTRAINT `tag_ibfk_4` FOREIGN KEY (`id_activo`) REFERENCES `activo` (`id_activo`),
  CONSTRAINT `tag_ibfk_5` FOREIGN KEY (`id_ubicacion`) REFERENCES `ubicacion` (`id_ubicacion`),
  CONSTRAINT `tag_ibfk_6` FOREIGN KEY (`id_cantidad`) REFERENCES `cantidad` (`id_cantidad`)
) ENGINE=InnoDB AUTO_INCREMENT=1566 DEFAULT CHARSET=utf8mb4 COLLATE=utf8mb4_0900_ai_ci;
/*!40101 SET character_set_client = @saved_cs_client */;

--
-- Dumping data for table `tag`
--

LOCK TABLES `tag` WRITE;
/*!40000 ALTER TABLE `tag` DISABLE KEYS */;
INSERT INTO `tag` VALUES (1,1,3,1,1,1,1),(2,1,3,1,1,1,2),(3,1,3,1,1,1,3),(4,1,3,1,1,1,4),(5,1,3,1,1,1,5),(6,1,3,1,1,1,6),(7,1,3,20,1,1,7),(8,1,3,3,1,1,8),(9,1,3,3,1,1,9),(10,1,3,3,1,1,10),(11,1,3,3,1,1,11),(12,1,3,3,1,1,12),(13,1,3,3,1,1,13),(14,1,3,4,1,1,14),(15,1,3,4,1,1,15),(16,1,3,4,1,1,16),(17,1,3,4,1,1,17),(18,1,3,4,1,1,18),(19,1,3,4,1,1,19),(20,1,3,2,1,1,20),(21,1,3,2,1,1,21),(22,1,3,2,1,1,22),(23,1,3,2,1,1,23),(24,1,3,2,1,1,24),(25,1,3,2,1,1,25),(26,1,3,5,1,1,26),(27,1,3,5,1,1,23),(28,1,3,5,1,1,28),(29,1,3,6,1,1,29),(30,1,3,6,1,1,30),(31,1,3,7,1,1,31),(32,1,3,7,1,1,32),(33,1,3,7,1,1,33),(34,1,3,7,1,1,34),(35,1,3,9,1,1,35),(36,1,3,9,1,1,36),(37,1,3,9,1,1,37),(38,1,3,10,1,1,38),(39,1,3,11,1,1,39),(40,1,3,11,1,1,40),(41,1,3,11,1,1,41),(42,1,3,11,1,1,42),(43,1,3,11,1,1,43),(44,1,3,11,1,1,44),(45,1,3,12,1,1,45),(46,1,3,12,1,1,46),(47,1,3,12,1,1,47),(48,1,3,12,1,1,48),(49,1,3,12,1,1,49),(50,1,3,12,1,1,50),(51,1,3,12,1,1,51),(52,1,3,12,1,1,52),(53,1,3,12,1,1,53),(54,1,3,14,1,1,54),(55,1,3,14,1,1,55),(56,1,3,14,1,1,56),(57,1,3,14,1,1,57),(58,1,3,14,1,1,58),(59,1,3,14,1,1,59),(60,1,3,14,1,1,60),(61,1,3,14,1,1,61),(62,1,3,14,1,1,62),(63,1,3,14,1,1,63),(64,1,3,16,1,1,64),(65,1,3,16,1,1,65),(66,1,3,16,1,1,66),(67,1,3,16,1,1,67),(68,1,3,16,1,1,68),(69,1,3,16,1,1,69),(70,1,3,16,1,1,70),(71,1,3,16,1,1,71),(72,1,3,16,1,1,72),(73,1,3,17,1,1,73),(74,1,3,17,1,1,74),(75,1,3,17,1,1,75),(76,1,3,17,1,1,76),(77,1,3,17,1,1,77),(78,1,3,17,1,1,78),(79,1,3,17,1,1,79),(80,1,3,17,1,1,80),(81,1,3,17,1,1,81),(82,1,3,17,1,1,82),(83,1,3,15,1,1,83),(84,1,3,15,1,1,84),(85,1,3,15,1,1,85),(86,1,3,15,1,1,86),(87,1,3,15,1,1,87),(88,1,3,15,1,1,88),(89,1,3,15,1,1,89),(90,1,3,15,1,1,90),(91,1,3,15,1,1,91),(92,1,3,13,1,1,92),(93,1,3,13,1,1,93),(94,1,3,13,1,1,94),(95,1,3,13,1,1,95),(96,1,3,13,1,1,96),(97,1,3,13,1,1,97),(98,1,3,13,1,1,98),(99,1,3,13,1,1,99),(100,1,3,13,1,1,100),(101,1,3,18,1,1,101),(102,1,3,18,1,1,102),(103,1,3,18,1,1,103),(104,1,3,18,1,1,104),(105,1,3,18,1,1,105),(106,1,3,18,1,1,106),(107,1,3,18,1,1,107),(108,1,3,18,1,1,108),(109,1,3,18,1,1,109),(110,1,1,21,1,1,110),(111,1,1,21,1,1,111),(112,1,1,21,1,1,112),(113,1,1,21,1,1,113),(114,1,1,21,1,1,114),(115,1,1,21,1,1,115),(116,1,1,21,1,1,116),(117,1,1,21,1,1,117),(118,1,1,21,1,1,118),(119,1,1,21,1,1,119),(120,1,1,21,1,1,120),(121,1,1,21,1,1,121),(122,1,1,21,1,1,122),(123,1,1,21,1,1,123),(124,1,1,21,1,1,124),(125,1,1,21,1,1,125),(126,1,1,21,1,1,126),(127,1,1,21,1,1,127),(128,1,1,21,1,1,128),(129,1,1,21,1,1,129),(130,1,1,21,1,1,130),(131,1,1,21,1,1,131),(132,1,1,21,1,1,132),(133,1,1,21,1,1,133),(134,1,1,21,1,1,134),(135,1,1,21,1,1,135),(136,1,1,21,1,1,136),(137,1,1,21,1,1,137),(138,1,1,21,1,1,138),(139,1,1,23,1,1,139),(140,1,1,23,1,1,140),(141,1,1,23,1,1,141),(142,1,1,23,1,1,142),(143,1,1,23,1,1,143),(144,1,1,23,1,1,144),(145,1,1,23,1,1,145),(146,1,1,25,1,1,146),(147,1,1,25,1,1,147),(148,1,1,25,1,1,148),(149,1,1,25,1,1,149),(150,1,1,25,1,1,150),(151,1,1,25,1,1,151),(152,1,1,25,1,1,152),(153,1,1,25,1,1,153),(154,1,1,26,1,1,154),(155,1,1,26,1,1,155),(156,1,1,26,1,1,156),(157,1,1,26,1,1,157),(158,1,1,26,1,1,158),(159,1,1,26,1,1,159),(160,1,1,26,1,1,160),(161,1,1,26,1,1,161),(162,1,1,27,1,1,162),(163,1,1,27,1,1,163),(164,1,1,28,1,1,164),(165,1,1,29,1,1,165),(166,1,1,29,1,1,166),(167,1,1,29,1,1,167),(168,1,1,29,1,1,168),(169,1,1,30,1,1,169),(170,1,1,30,1,1,170),(171,1,1,30,1,1,171),(172,1,1,30,1,1,172),(173,1,1,30,1,1,173),(174,1,1,30,1,1,174),(175,1,1,30,1,1,175),(176,1,1,31,1,1,176),(177,1,1,31,1,1,177),(178,1,1,31,1,1,178),(179,1,1,31,1,1,179),(180,1,1,31,1,1,180),(181,1,1,31,1,1,181),(182,1,1,32,1,1,182),(183,1,1,33,1,1,183),(184,1,1,33,1,1,184),(185,1,1,33,1,1,185),(186,1,1,33,1,1,186),(187,1,1,33,1,1,187),(188,1,1,33,1,1,188),(189,1,1,33,1,1,189),(190,1,1,33,1,1,190),(191,1,1,33,1,1,191),(192,1,1,33,1,1,192),(193,1,1,33,1,1,193),(194,1,1,33,1,1,194),(195,1,1,33,1,1,195),(196,1,1,33,1,1,196),(197,1,1,33,1,1,197),(198,1,1,33,1,1,198),(199,1,1,33,1,1,199),(200,1,1,33,1,1,200),(201,1,1,33,1,1,201),(202,1,1,33,1,1,202),(203,1,1,33,1,1,203),(204,1,1,33,1,1,204),(205,1,1,33,1,1,205),(206,1,1,33,1,1,206),(207,1,1,33,1,1,207),(208,1,1,6,1,1,208),(209,1,1,6,1,1,209),(210,1,1,6,1,1,210),(211,1,1,6,1,1,211),(212,1,1,6,1,1,212),(213,1,1,18,1,1,213),(214,1,1,18,1,1,214),(215,1,1,18,1,1,214),(216,1,1,18,1,1,216),(217,1,1,18,1,1,217),(218,1,1,34,1,1,218),(219,1,1,34,1,1,219),(220,1,1,34,1,1,220),(221,1,1,34,1,1,221),(222,1,1,34,1,1,222),(223,1,1,34,1,1,223),(224,1,1,34,1,1,224),(225,1,1,34,1,1,225),(226,1,1,34,1,1,226),(227,1,1,34,1,1,227),(228,1,1,34,1,1,228),(229,1,1,34,1,1,229),(230,1,1,34,1,1,230),(231,1,1,34,1,1,231),(232,1,1,34,1,1,232),(233,1,1,34,1,1,233),(234,1,1,34,1,1,234),(235,1,1,34,1,1,235),(236,1,1,34,1,1,236),(237,1,1,35,1,1,237),(238,1,1,35,1,1,238),(239,1,1,35,1,1,239),(240,1,1,35,1,1,240),(241,1,1,35,1,1,241),(242,1,1,35,1,1,242),(243,1,1,35,1,1,243),(244,1,1,35,1,1,244),(245,1,1,36,1,1,245),(246,1,1,36,1,1,246),(247,1,1,36,1,1,247),(248,1,1,37,1,1,248),(249,1,1,37,1,1,249),(250,1,1,37,1,1,250),(251,1,1,37,1,1,251),(252,1,1,38,1,1,252),(253,1,1,38,1,1,253),(254,1,1,38,1,1,254),(255,1,1,38,1,1,255),(256,1,1,38,1,1,256),(257,1,1,38,1,1,257),(258,1,1,38,1,1,258),(259,1,1,38,1,1,259),(260,1,1,39,1,1,260),(261,1,1,39,1,1,261),(262,1,1,39,1,1,262),(263,1,1,8,1,1,263),(264,1,1,8,1,1,263),(265,1,1,40,1,1,265),(266,1,1,40,1,1,266),(267,1,1,5,1,1,267),(268,1,1,5,1,1,268),(269,1,1,5,1,1,269),(270,1,1,5,1,1,270),(271,1,1,20,1,1,271),(272,1,1,20,1,1,272),(273,1,1,20,1,1,273),(274,1,1,41,1,1,274),(275,1,1,41,1,1,275),(276,1,1,41,1,1,276),(277,1,1,41,1,1,277),(278,1,1,41,1,1,278),(279,1,1,41,1,1,279),(280,1,1,41,1,1,280),(281,1,1,41,1,1,281),(282,1,1,41,1,1,282),(283,1,1,42,1,1,283),(284,1,1,43,1,1,284),(285,1,1,43,1,1,285),(286,1,1,44,1,1,286),(287,1,1,44,1,1,287),(288,1,1,44,1,1,288),(289,1,1,44,1,1,289),(290,1,1,45,1,1,290),(291,1,1,45,1,1,291),(292,1,1,45,1,1,292),(293,1,1,45,1,1,293),(294,1,1,45,1,1,294),(295,1,1,45,1,1,295),(296,1,1,45,1,1,296),(297,1,1,45,1,1,297),(298,1,1,45,1,1,298),(299,1,1,45,1,1,299),(300,1,1,45,1,1,300),(301,1,1,45,1,1,301),(302,1,1,45,1,1,302),(303,1,1,45,1,1,303),(304,1,1,45,1,1,304),(305,1,1,45,1,1,305),(306,1,1,45,1,1,306),(307,1,1,45,1,1,307),(308,1,1,45,1,1,308),(309,1,1,45,1,1,309),(310,1,1,45,1,1,310),(311,1,1,45,1,1,311),(312,1,1,45,1,1,312),(313,1,1,45,1,1,313),(314,1,1,45,1,1,314),(315,1,1,45,1,1,315),(316,1,1,45,1,1,316),(317,1,1,45,1,1,317),(318,1,1,45,1,1,319),(319,1,1,45,1,1,319),(320,1,1,45,1,1,320),(321,1,1,45,1,1,321),(322,1,1,45,1,1,322),(323,1,1,45,1,1,323),(324,1,1,46,1,1,324),(325,1,1,46,1,1,325),(326,1,1,46,1,1,326),(327,1,1,46,1,1,327),(328,1,1,46,1,1,328),(329,1,1,46,1,1,329),(330,1,1,47,1,1,330),(331,1,1,47,1,1,331),(332,1,1,47,1,1,332),(333,1,1,47,1,1,333),(334,1,1,47,1,1,334),(335,1,1,47,1,1,335),(336,1,1,48,1,1,336),(337,1,1,48,1,1,337),(338,1,1,48,1,1,338),(339,1,1,48,1,1,339),(340,1,1,48,1,1,340),(341,1,1,48,1,1,341),(342,1,1,48,1,1,342),(344,1,1,48,1,1,344),(345,1,1,48,1,1,345),(346,1,1,49,1,1,346),(347,1,1,49,1,1,347),(348,1,1,49,1,1,348),(349,1,1,50,1,1,349),(350,1,1,50,1,1,350),(351,1,1,50,1,1,351),(352,1,1,50,1,1,352),(353,1,1,50,1,1,353),(354,1,1,51,1,1,354),(355,1,1,51,1,1,355),(356,1,1,51,1,1,356),(357,1,1,51,1,1,357),(358,1,1,51,1,1,358),(359,1,1,51,1,1,359),(360,1,1,51,1,1,360),(361,1,1,51,1,1,361),(362,1,1,51,1,1,362),(363,1,1,51,1,1,363),(364,1,1,51,1,1,364),(365,1,1,52,1,1,365),(366,1,1,52,1,1,366),(367,1,1,52,1,1,367),(368,1,1,52,1,1,368),(369,1,1,52,1,1,369),(370,1,1,52,1,1,370),(371,1,1,54,1,1,371),(372,1,1,54,1,1,372),(373,1,1,54,1,1,373),(374,1,1,54,1,1,374),(375,1,1,54,1,1,375),(376,1,1,54,1,1,376),(377,1,1,53,1,1,377),(378,1,1,53,1,1,378),(379,1,1,53,1,1,379),(380,1,1,53,1,1,380),(381,1,1,53,1,1,371),(382,1,1,53,1,1,382),(383,1,1,55,1,1,383),(384,1,1,55,1,1,384),(385,1,1,55,1,1,385),(386,1,1,55,1,1,386),(387,1,1,55,1,1,387),(388,1,1,55,1,1,388),(389,1,1,55,1,1,389),(390,1,1,55,1,1,390),(391,1,1,55,1,1,391),(392,1,1,55,1,1,92),(393,1,1,55,1,1,393),(394,1,1,55,1,1,394),(395,1,1,55,1,1,395),(396,1,1,55,1,1,396),(397,1,1,55,1,1,397),(398,1,1,55,1,1,398),(399,1,1,55,1,1,399),(400,1,1,55,1,1,400),(401,1,1,55,1,1,401),(402,1,1,55,1,1,402),(403,1,1,55,1,1,403),(404,1,1,55,1,1,404),(405,1,1,55,1,1,405),(406,1,1,55,1,1,406),(407,1,1,55,1,1,407),(408,1,1,55,1,1,408),(409,1,1,55,1,1,409),(410,1,1,55,1,1,410),(411,1,1,55,1,1,411),(412,1,1,55,1,1,412),(413,1,1,55,1,1,413),(414,1,1,55,1,1,414),(415,1,1,55,1,1,415),(416,1,1,55,1,1,416),(417,1,1,55,1,1,417),(418,1,1,55,1,1,418),(419,1,1,55,1,1,419),(420,1,1,55,1,1,420),(421,1,1,55,1,1,421),(422,1,1,56,1,2,422),(423,1,1,56,1,2,423),(424,1,1,56,1,2,424),(425,1,1,56,1,2,425),(426,1,1,56,1,2,426),(427,1,1,56,1,2,427),(428,1,1,56,1,2,428),(429,1,1,56,1,2,429),(430,1,1,56,1,2,430),(431,1,1,56,1,2,431),(432,1,1,57,1,2,432),(433,1,1,57,1,2,433),(434,1,1,57,1,2,434),(435,1,1,57,1,2,435),(436,1,1,57,1,2,436),(437,1,1,57,1,2,437),(438,1,1,57,1,2,438),(439,1,1,57,1,2,439),(440,1,1,57,1,2,440),(441,1,1,57,1,2,441),(442,1,1,57,1,2,442),(443,1,1,57,1,2,443),(444,1,1,57,1,2,444),(445,1,1,57,1,2,445),(446,1,1,57,1,2,446),(447,1,1,57,1,2,447),(448,1,1,57,1,2,448),(449,1,1,57,1,2,449),(450,1,2,58,1,1,450),(451,1,2,58,1,1,451),(452,1,2,58,1,1,452),(453,1,2,58,1,1,453),(454,1,2,58,1,1,454),(455,1,2,58,1,1,455),(456,1,2,58,1,1,456),(457,1,2,58,1,1,457),(458,1,2,58,1,1,458),(459,1,2,63,1,1,459),(460,1,2,63,1,1,460),(461,1,2,63,1,1,461),(462,1,2,59,1,1,462),(463,1,2,59,1,1,463),(464,1,2,59,1,1,464),(465,1,2,60,1,1,465),(466,1,2,60,1,1,466),(467,1,2,61,1,1,467),(468,1,2,61,1,1,468),(469,1,2,62,1,1,469),(470,1,2,62,1,1,470),(471,1,2,62,1,1,471),(472,1,2,62,1,1,472),(473,1,2,65,1,1,473),(474,1,2,65,1,1,474),(475,1,2,66,1,1,475),(476,1,2,66,1,1,476),(477,1,2,64,1,1,477),(478,1,2,64,1,1,478),(479,1,2,30,1,1,479),(480,1,2,30,1,1,480),(481,1,2,30,1,1,481),(482,1,2,30,1,1,482),(483,1,2,30,1,1,483),(484,1,2,30,1,1,484),(485,1,2,30,1,1,485),(486,1,2,31,1,1,486),(487,1,2,31,1,1,487),(488,1,2,31,1,1,488),(489,1,2,31,1,1,489),(490,1,2,31,1,1,490),(491,1,2,67,1,1,491),(492,1,2,67,1,1,492),(493,1,2,23,1,1,493),(494,1,2,23,1,1,494),(495,1,2,23,1,1,495),(496,1,2,23,1,1,496),(497,1,2,23,1,1,497),(498,1,2,23,1,1,498),(499,1,2,24,1,1,499),(500,1,2,21,1,1,500),(501,1,2,21,1,1,501),(502,1,2,21,1,1,502),(503,1,2,21,1,1,503),(504,1,2,21,1,1,504),(505,1,2,21,1,1,505),(506,1,2,21,1,1,506),(507,1,2,21,1,1,507),(508,1,2,21,1,1,508),(509,1,2,22,1,1,509),(510,1,2,6,1,1,510),(511,1,2,6,1,1,511),(512,1,2,6,1,1,512),(513,1,2,70,1,1,513),(514,1,2,70,1,1,514),(515,1,2,70,1,1,515),(516,1,2,5,1,1,516),(517,1,2,5,1,1,517),(518,1,2,5,1,1,518),(519,1,2,71,1,1,519),(520,1,2,71,1,1,520),(521,1,2,71,1,1,521),(522,1,2,72,1,1,522),(523,1,2,72,1,1,523),(524,1,2,72,1,1,524),(525,1,2,72,1,1,525),(526,1,2,72,1,1,526),(527,1,2,73,1,1,527),(528,1,2,73,1,1,528),(529,1,2,73,1,1,529),(530,1,2,73,1,1,530),(531,1,2,73,1,1,531),(532,1,2,73,1,1,532),(533,1,2,73,1,1,533),(534,1,2,73,1,1,534),(535,1,2,73,1,1,535),(536,1,2,74,1,1,536),(537,1,2,74,1,1,537),(538,1,2,74,1,1,538),(539,1,2,74,1,1,539),(540,1,2,74,1,1,540),(541,1,2,75,1,1,541),(542,1,2,75,1,1,542),(543,1,2,75,1,1,543),(544,1,2,75,1,1,544),(545,1,2,76,1,1,545),(546,1,2,76,1,1,546),(547,1,2,76,1,1,547),(548,1,2,76,1,1,548),(549,1,2,77,1,1,549),(550,1,2,77,1,1,550),(551,1,2,77,1,1,551),(552,1,2,77,1,1,552),(553,1,2,78,1,1,553),(554,1,2,78,1,1,554),(555,1,2,78,1,1,555),(556,1,2,78,1,1,556),(557,1,2,78,1,1,557),(558,1,2,78,1,1,558),(559,1,2,79,1,1,559),(560,1,2,79,1,1,560),(561,1,2,79,1,1,561),(562,1,2,80,1,1,562),(563,1,2,80,1,1,563),(564,1,2,80,1,1,564),(565,1,2,80,1,1,565),(566,1,2,81,1,1,566),(567,1,2,81,1,1,567),(568,1,2,81,1,1,568),(569,1,2,81,1,1,569),(570,1,2,39,1,1,570),(571,1,2,39,1,1,571),(572,1,2,39,1,1,572),(573,1,2,40,1,1,573),(574,1,2,40,1,1,574),(575,1,2,40,1,1,575),(576,1,2,40,1,1,576),(577,1,2,19,1,1,577),(578,1,2,18,1,1,578),(579,1,2,18,1,1,579),(580,1,2,18,1,1,580),(581,1,2,18,1,1,581),(582,1,2,18,1,1,582),(583,1,2,82,1,1,583),(584,1,2,82,1,1,584),(585,1,2,82,1,1,585),(586,1,2,82,1,1,586),(587,1,2,82,1,1,587),(588,1,2,82,1,1,588),(589,1,2,82,1,1,589),(590,1,2,82,1,1,590),(591,1,2,83,1,1,591),(592,1,2,83,1,1,592),(593,1,2,83,1,1,593),(594,1,2,83,1,1,594),(595,1,2,83,1,1,595),(596,1,2,83,1,1,596),(597,1,2,83,1,1,597),(598,1,1,86,1,1,598),(599,1,2,87,1,1,599),(600,1,2,87,1,1,600),(601,1,2,87,1,1,601),(602,1,2,87,1,1,602),(603,1,2,87,1,1,603),(604,1,2,87,1,1,604),(605,1,2,88,1,1,605),(606,1,2,88,1,1,606),(607,1,2,88,1,1,607),(608,1,2,88,1,1,608),(609,1,2,88,1,1,609),(610,1,2,88,1,1,610),(611,1,2,89,1,1,611),(612,1,2,89,1,1,612),(613,1,2,89,1,1,613),(614,1,2,89,1,1,614),(615,1,2,89,1,1,615),(616,1,2,89,1,1,616),(617,1,2,89,1,1,617),(618,1,2,89,1,1,618),(619,1,2,89,1,1,619),(620,1,2,90,1,1,620),(621,1,2,90,1,1,621),(622,1,2,90,1,1,622),(623,1,2,90,1,1,623),(624,1,2,90,1,1,624),(625,1,2,90,1,1,625),(626,1,2,90,1,1,626),(627,1,2,91,1,1,627),(628,1,2,91,1,1,628),(629,1,2,91,1,1,629),(630,1,2,91,1,1,630),(631,1,2,91,1,1,631),(632,1,2,91,1,1,632),(633,1,2,91,1,1,633),(634,1,2,91,1,1,634),(635,1,2,92,1,1,635),(636,1,2,92,1,1,636),(637,1,2,92,1,1,637),(638,1,2,92,1,1,638),(639,1,2,92,1,1,639),(640,1,2,93,1,1,640),(641,1,2,93,1,1,641),(642,1,2,93,1,1,642),(643,1,2,93,1,1,643),(644,1,2,93,1,1,644),(645,1,2,93,1,1,645),(646,1,2,93,1,1,645),(647,1,2,93,1,1,647),(648,1,2,93,1,1,648),(649,1,2,93,1,1,649),(650,1,7,96,1,3,650),(651,1,7,96,1,3,651),(652,1,7,96,1,3,652),(653,1,7,96,1,3,653),(654,1,7,96,1,3,654),(655,1,7,96,1,3,655),(656,1,7,96,1,3,656),(657,1,7,96,1,3,657),(658,1,7,96,1,3,658),(659,1,7,96,1,3,659),(660,1,7,96,1,3,660),(661,1,7,96,1,3,661),(662,1,7,96,1,3,662),(663,1,7,96,1,3,663),(664,1,7,96,1,3,664),(665,1,7,96,1,3,665),(666,1,7,96,1,3,666),(667,1,7,96,1,3,667),(668,1,7,96,1,3,668),(669,1,7,96,1,3,669),(670,1,7,97,1,3,670),(671,1,7,97,1,3,671),(672,1,7,97,1,3,672),(673,1,7,97,1,3,673),(674,1,7,97,1,3,674),(675,1,7,97,1,3,675),(676,1,7,98,1,3,676),(677,1,7,98,1,3,677),(678,1,7,98,1,3,678),(679,1,7,98,1,3,679),(680,1,7,98,1,3,680),(681,1,7,98,1,3,681),(682,1,7,99,1,3,682),(683,1,7,99,1,3,683),(684,1,7,99,1,3,684),(685,1,7,99,1,3,685),(686,1,7,99,1,3,686),(687,1,7,99,1,3,687),(688,1,7,99,1,3,688),(689,1,7,99,1,2,689),(690,1,7,99,1,2,690),(691,1,7,99,1,2,691),(692,1,7,99,1,2,692),(693,1,7,99,1,2,693),(694,1,7,99,1,2,694),(695,1,7,99,1,2,695),(696,1,7,99,1,2,696),(697,1,7,99,1,2,697),(698,1,7,99,1,2,698),(699,1,7,99,1,2,699),(700,1,7,100,1,3,700),(701,1,7,100,1,3,701),(702,1,7,101,1,3,701),(703,1,7,101,1,3,703),(704,1,7,101,1,3,704),(705,1,7,101,1,3,705),(706,1,7,101,1,3,706),(707,1,7,101,1,3,707),(708,1,7,101,1,3,708),(709,1,7,101,1,3,709),(710,1,7,101,1,3,710),(711,1,7,101,1,3,711),(712,1,7,101,1,3,712),(713,1,7,102,1,3,713),(714,1,7,102,1,3,714),(715,1,7,102,1,3,175),(716,1,7,102,1,3,716),(717,1,7,102,1,3,717),(718,1,7,102,1,3,718),(719,1,7,102,1,3,719),(720,1,7,102,1,3,720),(721,1,7,102,1,3,721),(722,1,7,102,1,3,722),(723,1,7,102,1,3,723),(724,1,7,102,1,3,724),(725,1,7,102,1,3,725),(726,1,7,102,1,3,726),(727,1,7,102,1,3,727),(728,1,7,33,1,2,728),(729,1,7,33,1,2,729),(730,1,7,33,1,2,730),(731,1,7,33,1,2,731),(732,1,7,33,1,2,732),(733,1,3,1,2,1,1),(734,1,3,4,2,1,2),(735,1,3,4,2,1,3),(736,1,3,2,2,1,4),(737,1,3,7,2,1,5),(738,1,3,11,2,1,6),(739,1,3,12,2,1,7),(740,1,3,12,2,1,8),(741,1,3,16,2,1,9),(742,1,1,26,2,1,10),(743,1,1,33,2,1,11),(744,1,1,33,2,1,12),(745,1,1,34,2,1,13),(746,1,1,34,2,1,14),(747,1,1,35,2,1,15),(748,1,1,35,2,1,16),(749,1,1,36,2,1,17),(750,1,1,37,2,1,18),(751,1,1,38,2,1,19),(752,1,1,38,2,1,20),(753,1,1,50,2,1,21),(754,1,1,52,2,1,22),(755,1,2,58,2,1,23),(756,1,2,58,2,1,24),(757,1,2,70,2,1,25),(758,1,2,71,2,1,26),(759,1,2,73,2,1,27),(760,1,2,75,2,1,28),(761,1,2,76,2,1,29),(762,1,2,77,2,1,30),(763,1,2,78,2,1,31),(764,1,2,79,2,1,32),(765,1,2,80,2,1,33),(766,1,2,81,2,1,34),(767,1,2,82,2,1,35),(768,1,2,83,2,1,36),(769,1,2,87,2,1,37),(770,1,2,88,2,1,38),(771,1,2,89,2,1,39),(772,1,2,91,2,1,40),(773,1,2,91,2,1,41),(774,1,2,92,2,1,42),(775,1,2,93,2,1,43),(776,1,2,93,2,1,44),(777,1,3,1,3,1,1),(778,1,3,1,3,1,2),(779,1,3,3,3,1,3),(780,1,3,3,3,1,4),(781,1,3,4,3,1,5),(782,1,3,4,3,1,6),(783,1,3,2,3,1,7),(784,1,3,2,3,1,8),(785,1,3,7,3,1,9),(786,1,3,11,3,1,10),(787,1,3,12,3,1,11),(788,1,3,14,3,1,12),(789,1,3,14,3,1,13),(790,1,3,14,3,1,14),(791,1,3,17,3,1,15),(792,1,3,15,3,1,16),(793,1,3,13,3,1,17),(794,1,1,34,3,1,18),(795,1,1,34,3,1,19),(796,1,1,34,3,1,20),(797,1,1,34,3,1,21),(798,1,1,35,3,1,22),(799,1,1,36,3,1,23),(800,1,1,37,3,1,24),(801,1,1,37,3,1,25),(802,1,1,38,3,1,26),(803,1,1,38,3,1,27),(804,1,1,41,3,1,28),(805,1,2,62,3,1,29),(806,1,2,70,3,1,30),(807,1,2,72,3,1,31),(808,1,2,73,3,1,32),(809,1,2,73,3,1,33),(810,1,2,74,3,1,34),(811,1,2,74,3,1,35),(812,1,2,75,3,1,36),(813,1,2,76,3,1,37),(814,1,2,77,3,1,38),(815,1,2,78,3,1,39),(816,1,2,79,3,1,40),(817,1,2,80,3,1,41),(818,1,2,81,3,1,42),(819,1,2,82,3,1,43),(820,1,2,83,3,1,44),(821,1,2,83,3,1,45),(822,1,3,1,4,1,1),(823,1,3,3,4,1,2),(824,1,3,4,4,1,3),(825,1,3,2,4,1,4),(826,1,3,7,4,1,5),(827,1,3,7,4,1,6),(828,1,3,9,4,1,7),(829,1,3,9,4,1,8),(830,1,3,9,4,1,9),(831,1,3,10,4,1,10),(832,1,3,10,4,1,11),(833,1,3,10,4,1,12),(834,1,3,11,4,1,13),(835,1,3,12,4,1,14),(836,1,3,14,4,1,15),(837,1,3,16,4,1,16),(838,1,3,17,4,1,17),(839,1,3,15,4,1,18),(840,1,3,13,4,1,19),(841,1,3,18,4,1,20),(842,1,1,21,4,1,21),(843,1,1,21,4,1,22),(844,1,1,21,4,1,23),(845,1,1,21,4,1,24),(846,1,1,21,4,1,25),(847,1,1,21,4,1,26),(848,1,1,24,4,1,27),(849,1,1,25,4,1,28),(850,1,1,26,4,1,29),(851,1,1,26,4,1,30),(852,1,1,27,4,1,31),(853,1,1,28,4,1,32),(854,1,1,29,4,1,33),(855,1,1,30,4,1,34),(856,1,1,30,4,1,35),(857,1,1,30,4,1,36),(858,1,1,30,4,1,37),(859,1,1,31,4,1,38),(860,1,1,31,4,1,39),(861,1,1,31,4,1,40),(862,1,1,31,4,1,41),(863,1,1,32,4,1,42),(864,1,1,33,4,1,43),(865,1,1,33,4,1,44),(866,1,1,33,4,1,45),(867,1,1,33,4,1,46),(868,1,1,33,4,1,47),(869,1,1,33,4,1,48),(870,1,1,33,4,1,49),(871,1,1,33,4,1,50),(872,1,1,6,4,1,51),(873,1,1,6,4,1,52),(874,1,1,34,4,1,53),(875,1,1,35,4,1,54),(876,1,1,35,4,1,55),(877,1,1,36,4,1,56),(878,1,1,37,4,1,57),(879,1,1,37,4,1,58),(880,1,1,37,4,1,59),(881,1,1,37,4,1,60),(882,1,1,38,4,1,61),(883,1,1,39,4,1,62),(884,1,1,39,4,1,63),(885,1,1,39,4,1,64),(886,1,1,39,4,1,65),(887,1,1,8,4,1,66),(888,1,1,8,4,1,67),(889,1,1,40,4,1,68),(890,1,1,40,4,1,69),(891,1,1,40,4,1,70),(892,1,1,40,4,1,71),(893,1,1,5,4,1,72),(894,1,1,20,4,1,73),(895,1,1,20,4,1,74),(896,1,1,41,4,1,75),(897,1,1,41,4,1,76),(898,1,1,42,4,1,77),(899,1,1,43,4,1,78),(900,1,1,43,4,1,79),(901,1,1,44,4,1,80),(902,1,1,44,4,1,81),(903,1,1,45,4,1,82),(904,1,1,45,4,1,83),(905,1,1,46,4,1,84),(906,1,1,46,4,1,85),(907,1,1,48,4,1,86),(908,1,1,49,4,1,87),(909,1,1,50,4,1,88),(910,1,1,51,4,1,89),(911,1,1,51,4,1,90),(912,1,1,52,4,1,91),(913,1,1,54,4,1,92),(914,1,1,54,4,1,93),(915,1,1,53,4,1,94),(916,1,1,53,4,1,95),(917,1,1,53,4,1,96),(918,1,1,53,4,1,97),(919,1,1,55,4,1,98),(920,1,1,55,4,1,99),(921,1,1,55,4,1,100),(922,1,1,56,4,2,101),(923,1,2,58,4,1,102),(924,1,2,63,4,1,103),(925,1,2,59,4,1,104),(926,1,2,60,4,1,105),(927,1,2,61,4,1,106),(928,1,2,62,4,1,107),(929,1,2,62,4,1,108),(930,1,2,65,4,1,109),(931,1,2,66,4,1,10),(932,1,2,64,4,1,111),(933,1,2,30,4,1,112),(934,1,2,30,4,1,113),(935,1,2,30,4,1,114),(936,1,2,31,4,1,115),(937,1,2,31,4,1,116),(938,1,2,31,4,1,117),(939,1,2,67,4,1,118),(940,1,2,70,4,1,119),(941,1,2,71,4,1,120),(942,1,2,72,4,1,121),(943,1,2,73,4,1,122),(944,1,2,74,4,1,123),(945,1,2,75,4,1,124),(946,1,2,76,4,1,125),(947,1,2,77,4,1,126),(948,1,2,78,4,1,127),(949,1,2,79,4,1,128),(950,1,2,80,4,1,129),(951,1,2,81,4,1,130),(952,1,2,39,4,1,131),(953,1,2,39,4,1,132),(954,1,2,39,4,1,133),(955,1,2,40,4,1,134),(956,1,2,40,4,1,135),(957,1,2,40,4,1,136),(958,1,2,82,4,1,137),(959,1,2,83,4,1,138),(960,1,2,87,4,1,139),(961,1,2,88,4,1,140),(962,1,2,89,4,1,141),(963,1,2,89,4,1,142),(964,1,2,91,4,1,143),(965,1,2,92,4,1,144),(966,1,2,93,4,1,145),(967,1,7,101,4,3,146),(968,1,7,103,4,1,147),(969,1,8,104,4,3,148),(970,1,3,1,5,1,3),(971,1,3,1,5,1,4),(972,1,3,1,5,1,5),(973,1,3,1,5,1,6),(974,1,3,1,5,1,7),(975,1,3,3,5,1,8),(976,1,3,3,5,1,9),(977,1,3,3,5,1,10),(978,1,3,3,5,1,11),(979,1,3,4,5,1,12),(980,1,3,4,5,1,13),(981,1,3,4,5,1,14),(982,1,3,4,5,1,15),(983,1,3,2,5,1,18),(984,1,3,2,5,1,19),(985,1,3,2,5,1,20),(986,1,3,2,5,1,21),(987,1,3,6,5,1,22),(988,1,3,6,5,1,23),(989,1,3,11,5,1,24),(990,1,3,11,5,1,25),(991,1,3,11,5,1,26),(992,1,3,11,5,1,27),(993,1,3,12,5,1,28),(994,1,3,12,5,1,29),(995,1,3,12,5,1,30),(996,1,3,12,5,1,31),(997,1,3,14,5,1,32),(998,1,3,14,5,1,33),(999,1,3,14,5,1,34),(1000,1,3,14,5,1,35),(1001,1,3,16,5,1,36),(1002,1,3,16,5,1,37),(1003,1,3,16,5,1,38),(1004,1,3,16,5,1,39),(1005,1,3,17,5,1,40),(1006,1,3,17,5,1,41),(1007,1,3,17,5,1,42),(1008,1,3,17,5,1,43),(1009,1,3,13,5,1,46),(1010,1,3,13,5,1,47),(1011,1,3,13,5,1,48),(1012,1,3,13,5,1,49),(1013,1,1,21,5,1,50),(1014,1,1,21,5,1,51),(1015,1,1,21,5,1,52),(1016,1,1,21,5,1,53),(1017,1,1,21,5,1,54),(1018,1,1,21,5,1,55),(1019,1,1,21,5,1,56),(1020,1,1,21,5,1,57),(1021,1,1,21,5,1,58),(1022,1,1,21,5,1,59),(1023,1,1,21,5,1,60),(1024,1,1,21,5,1,61),(1025,1,1,21,5,1,62),(1026,1,1,21,5,1,63),(1027,1,1,21,5,1,64),(1028,1,1,21,5,1,65),(1029,1,1,25,5,1,66),(1030,1,1,25,5,1,67),(1031,1,1,25,5,1,68),(1032,1,1,26,5,1,69),(1033,1,1,26,5,1,70),(1034,1,1,26,5,1,71),(1035,1,1,27,5,1,72),(1036,1,1,28,5,1,73),(1037,1,1,29,5,1,74),(1038,1,1,33,5,1,75),(1039,1,1,33,5,1,76),(1040,1,1,33,5,1,77),(1041,1,1,33,5,1,78),(1042,1,1,34,5,1,79),(1043,1,1,34,5,1,80),(1044,1,1,34,5,1,81),(1045,1,1,34,5,1,82),(1046,1,1,34,5,1,83),(1047,1,1,34,5,1,84),(1048,1,1,34,5,1,85),(1049,1,1,34,5,1,86),(1050,1,1,34,5,1,87),(1051,1,1,34,5,1,88),(1052,1,1,34,5,1,89),(1053,1,1,34,5,1,90),(1054,1,1,35,5,1,91),(1055,1,1,35,5,1,92),(1056,1,1,35,5,1,93),(1057,1,1,35,5,1,94),(1058,1,1,36,5,1,95),(1059,1,1,36,5,1,96),(1060,1,1,37,5,1,97),(1061,1,1,37,5,1,98),(1062,1,1,37,5,1,99),(1063,1,1,37,5,1,100),(1064,1,1,38,5,1,103),(1065,1,1,38,5,1,104),(1066,1,1,38,5,1,105),(1067,1,1,38,5,1,106),(1068,1,1,38,5,1,107),(1069,1,1,38,5,1,108),(1070,1,1,40,5,1,111),(1071,1,1,40,5,1,112),(1072,1,1,40,5,1,113),(1073,1,1,40,5,1,114),(1074,1,1,49,5,1,117),(1075,1,1,50,5,1,118),(1076,1,1,50,5,1,119),(1077,1,2,58,5,1,123),(1078,1,2,58,5,1,124),(1079,1,2,58,5,1,125),(1080,1,2,58,5,1,126),(1081,1,2,58,5,1,127),(1082,1,2,58,5,1,128),(1083,1,2,58,5,1,129),(1084,1,2,58,5,1,130),(1085,1,2,63,5,1,131),(1086,1,2,60,5,1,132),(1087,1,2,61,5,1,133),(1088,1,2,62,5,1,134),(1089,1,2,62,5,1,135),(1090,1,2,62,5,1,136),(1091,1,2,65,5,1,137),(1092,1,2,66,5,1,138),(1093,1,2,66,5,1,139),(1094,1,2,64,5,1,140),(1095,1,2,21,5,1,141),(1096,1,2,21,5,1,142),(1097,1,2,21,5,1,143),(1098,1,2,21,5,1,144),(1099,1,2,21,5,1,145),(1100,1,2,70,5,1,146),(1101,1,2,71,5,1,147),(1102,1,2,71,5,1,148),(1103,1,2,71,5,1,149),(1104,1,2,71,5,1,150),(1105,1,2,72,5,1,151),(1106,1,2,72,5,1,152),(1107,1,2,72,5,1,153),(1108,1,2,72,5,1,154),(1109,1,2,73,5,1,155),(1110,1,2,73,5,1,156),(1111,1,2,73,5,1,157),(1112,1,2,73,5,1,158),(1113,1,2,74,5,1,161),(1114,1,2,74,5,1,162),(1115,1,2,74,5,1,163),(1116,1,2,74,5,1,164),(1117,1,2,74,5,1,165),(1118,1,2,75,5,1,166),(1119,1,2,75,5,1,167),(1120,1,2,75,5,1,168),(1121,1,2,75,5,1,169),(1122,1,2,76,5,1,170),(1123,1,2,76,5,1,171),(1124,1,2,76,5,1,172),(1125,1,2,76,5,1,173),(1126,1,2,77,5,1,174),(1127,1,2,77,5,1,175),(1128,1,2,77,5,1,176),(1129,1,2,77,5,1,177),(1130,1,2,78,5,1,178),(1131,1,2,78,5,1,179),(1132,1,2,78,5,1,180),(1133,1,2,78,5,1,181),(1134,1,2,79,5,1,182),(1135,1,2,79,5,1,183),(1136,1,2,79,5,1,184),(1137,1,2,79,5,1,185),(1138,1,2,80,5,1,186),(1139,1,2,80,5,1,187),(1140,1,2,80,5,1,188),(1141,1,2,80,5,1,189),(1142,1,2,81,5,1,191),(1143,1,2,81,5,1,192),(1144,1,2,81,5,1,193),(1145,1,2,81,5,1,194),(1146,1,2,82,5,1,195),(1147,1,2,82,5,1,196),(1148,1,2,83,5,1,197),(1149,1,2,87,5,1,198),(1150,1,2,88,5,1,199),(1151,1,2,89,5,1,200),(1152,1,2,89,5,1,201),(1153,1,2,89,5,1,202),(1154,1,2,89,5,1,203),(1155,1,2,91,5,1,204),(1156,1,2,92,5,1,205),(1157,1,2,93,5,1,206),(1158,1,3,4,6,1,1),(1159,1,3,5,6,1,2),(1160,1,3,6,6,1,3),(1161,1,3,6,6,1,4),(1162,1,3,7,6,1,5),(1163,1,3,10,6,1,6),(1164,1,3,18,6,1,7),(1165,1,3,18,6,1,8),(1166,1,3,18,6,1,9),(1167,1,1,21,6,1,10),(1168,1,1,6,6,1,11),(1169,1,1,6,6,1,12),(1170,1,1,18,6,1,13),(1171,1,1,34,6,1,14),(1172,1,1,34,6,1,15),(1173,1,1,40,6,1,16),(1174,1,1,5,6,1,17),(1175,1,1,5,6,1,18),(1176,1,1,46,6,1,19),(1177,1,1,56,6,2,20),(1178,1,2,21,6,1,21),(1179,1,2,21,6,1,22),(1180,1,2,22,6,1,23),(1181,1,2,6,6,1,24),(1182,1,2,6,6,1,25),(1183,1,2,5,6,1,26),(1184,1,2,20,6,1,27),(1185,1,2,8,6,1,28),(1186,1,2,18,6,1,29),(1187,1,2,18,6,1,30),(1188,1,2,18,6,1,31),(1189,1,2,90,6,1,32),(1190,1,2,90,6,1,33),(1191,1,2,94,6,1,34),(1192,1,3,4,7,1,1),(1193,1,3,5,7,1,2),(1194,1,3,6,7,1,3),(1195,1,3,18,7,1,4),(1196,1,3,18,7,1,5),(1197,1,1,21,7,1,6),(1198,1,1,21,7,1,7),(1199,1,1,23,7,1,8),(1200,1,1,23,7,1,9),(1201,1,1,33,7,1,10),(1202,1,1,6,7,1,11),(1203,1,1,18,7,1,12),(1204,1,1,18,7,1,13),(1205,1,1,5,7,1,14),(1206,1,1,5,7,1,15),(1207,1,1,45,7,1,16),(1208,1,1,46,7,1,17),(1209,1,1,46,7,1,18),(1210,1,1,47,7,1,19),(1211,1,1,55,7,1,20),(1212,1,1,55,7,1,21),(1213,1,1,55,7,1,22),(1214,1,1,55,7,1,23),(1215,1,1,55,7,1,24),(1216,1,1,55,7,1,25),(1217,1,1,55,7,1,26),(1218,1,1,56,7,2,27),(1219,1,2,23,7,1,28),(1220,1,2,23,7,1,29),(1221,1,2,21,7,1,30),(1222,1,2,5,7,1,31),(1223,1,2,20,7,1,32),(1224,1,2,71,7,1,33),(1225,1,2,18,7,1,34),(1226,1,2,18,7,1,35),(1227,1,2,90,7,1,36),(1228,1,2,94,7,1,37),(1229,1,2,94,7,1,38),(1230,1,7,97,7,3,39),(1231,1,3,20,8,1,1),(1232,1,3,20,8,1,2),(1233,1,3,8,8,1,3),(1234,1,3,8,8,1,4),(1235,1,3,19,8,2,5),(1236,1,3,19,8,2,6),(1237,1,1,22,8,1,7),(1238,1,1,22,8,1,8),(1239,1,1,24,8,1,9),(1240,1,1,24,8,1,10),(1241,1,1,19,8,1,11),(1242,1,1,19,8,1,12),(1243,1,1,20,8,1,13),(1244,1,1,20,8,1,14),(1245,1,1,45,8,1,15),(1246,1,1,47,8,1,16),(1247,1,1,47,8,1,17),(1248,1,1,55,8,1,18),(1249,1,1,55,8,1,19),(1250,1,2,24,8,1,20),(1251,1,2,24,8,1,21),(1252,1,2,22,8,1,22),(1253,1,2,22,8,1,23),(1254,1,2,20,8,1,24),(1255,1,2,20,8,1,25),(1256,1,2,8,8,1,26),(1257,1,2,8,8,1,27),(1258,1,2,19,8,1,28),(1259,1,1,84,8,1,29),(1260,1,2,84,8,1,30),(1261,1,1,85,8,1,31),(1262,1,2,85,8,1,32),(1263,1,1,86,8,1,33),(1264,1,2,95,8,1,34),(1265,1,1,95,8,1,35),(1266,1,3,4,9,1,1),(1267,1,3,6,9,1,2),(1268,1,3,7,9,1,3),(1269,1,3,11,9,1,4),(1270,1,3,18,9,1,5),(1271,1,1,21,9,1,6),(1272,1,1,23,9,1,7),(1273,1,1,33,9,1,8),(1274,1,1,34,9,1,9),(1275,1,1,8,9,1,10),(1276,1,1,20,9,1,11),(1277,1,1,20,9,1,12),(1278,1,1,41,9,1,13),(1279,1,1,41,9,1,14),(1280,1,1,41,9,1,15),(1281,1,1,41,9,1,16),(1282,1,1,44,9,1,17),(1283,1,1,45,9,1,18),(1284,1,1,45,9,1,19),(1285,1,1,45,9,1,20),(1286,1,1,45,9,1,21),(1287,1,1,45,9,1,22),(1288,1,1,45,9,1,23),(1289,1,1,45,9,1,24),(1290,1,1,45,9,1,25),(1291,1,1,45,9,1,26),(1292,1,1,45,9,1,27),(1293,1,1,45,9,1,28),(1294,1,1,45,9,1,29),(1295,1,1,46,9,1,30),(1296,1,1,46,9,1,31),(1297,1,1,49,9,1,32),(1298,1,1,50,9,1,33),(1299,1,1,51,9,1,34),(1300,1,1,51,9,1,35),(1301,1,1,51,9,1,36),(1302,1,1,51,9,1,37),(1303,1,1,52,9,1,38),(1304,1,1,55,9,1,39),(1305,1,1,55,9,1,40),(1306,1,1,55,9,1,41),(1307,1,1,55,9,1,42),(1308,1,1,55,9,1,43),(1309,1,1,55,9,1,44),(1310,1,1,56,9,2,45),(1311,1,1,56,9,2,46),(1312,1,2,23,9,1,47),(1313,1,2,71,9,1,48),(1314,1,2,73,9,1,49),(1315,1,2,74,9,1,50),(1316,1,2,75,9,1,51),(1317,1,2,82,9,1,52),(1318,1,2,82,9,1,53),(1319,1,2,83,9,1,54),(1320,1,2,83,9,1,55),(1321,1,2,87,9,1,56),(1322,1,2,87,9,1,57),(1323,1,2,88,9,1,58),(1324,1,2,88,9,1,59),(1325,1,2,89,9,1,60),(1326,1,2,89,9,1,61),(1327,1,2,90,9,1,62),(1328,1,2,90,9,1,63),(1329,1,2,90,9,1,64),(1330,1,7,102,9,3,65),(1331,1,8,104,9,1,66),(1332,1,3,9,10,1,1),(1333,1,3,9,10,1,2),(1334,1,3,10,10,1,3),(1335,1,3,10,10,1,4),(1336,1,1,30,10,1,5),(1337,1,1,30,10,1,6),(1338,1,1,30,10,1,7),(1339,1,1,30,10,1,8),(1340,1,1,30,10,1,9),(1341,1,1,31,10,1,10),(1342,1,1,31,10,1,11),(1343,1,1,32,10,1,12),(1344,1,1,33,10,1,13),(1345,1,1,33,10,1,14),(1346,1,1,39,10,1,15),(1347,1,1,39,10,1,16),(1348,1,1,40,10,1,17),(1349,1,1,40,10,1,18),(1350,1,1,40,10,1,19),(1351,1,1,42,10,1,20),(1352,1,1,43,10,1,21),(1353,1,1,54,10,1,22),(1354,1,1,54,10,1,23),(1355,1,1,54,10,1,24),(1356,1,1,53,10,1,25),(1357,1,1,53,10,1,26),(1358,1,1,53,10,1,27),(1359,1,2,30,10,1,28),(1360,1,2,30,10,1,29),(1361,1,2,30,10,1,30),(1362,1,2,31,10,1,31),(1363,1,2,31,10,1,32),(1364,1,2,39,10,1,33),(1365,1,2,39,10,1,34),(1366,1,2,40,10,1,35),(1367,1,2,40,10,1,36),(1368,1,2,40,10,1,37),(1369,1,3,9,11,1,1),(1370,1,3,10,11,1,2),(1371,1,3,10,11,1,3),(1372,1,1,28,11,1,4),(1373,1,1,30,11,1,5),(1374,1,1,31,11,1,6),(1375,1,1,32,11,1,7),(1376,1,1,33,11,1,8),(1377,1,1,33,11,1,9),(1378,1,1,33,11,1,10),(1379,1,1,39,11,1,11),(1380,1,1,40,11,1,12),(1381,1,1,42,11,1,13),(1382,1,1,43,11,1,14),(1383,1,1,44,11,1,15),(1384,1,1,54,11,1,16),(1385,1,1,53,11,1,17),(1386,1,2,30,11,1,18),(1387,1,2,31,11,1,19),(1388,1,2,67,11,1,20),(1389,1,2,71,11,1,21),(1390,1,2,39,11,1,22),(1391,1,2,40,11,1,23),(1392,1,3,1,12,1,1),(1393,1,3,1,12,1,2),(1394,1,3,2,12,1,3),(1395,1,3,2,12,1,4),(1396,1,3,15,12,1,5),(1397,1,3,13,12,1,6),(1398,1,1,37,12,1,7),(1399,1,1,37,12,1,8),(1400,1,1,38,12,1,9),(1401,1,1,38,12,1,10),(1402,1,1,41,12,1,11),(1403,1,1,41,12,1,12),(1404,1,1,55,12,1,13),(1405,1,1,55,12,1,14),(1406,1,1,55,12,1,15),(1407,1,2,74,12,1,16),(1408,1,2,74,12,1,17),(1409,1,2,80,12,1,18),(1410,1,3,18,13,1,1),(1411,1,1,21,13,1,2),(1412,1,1,34,13,1,3),(1413,1,1,45,13,1,4),(1414,1,1,47,13,1,5),(1415,1,1,55,13,1,6),(1416,1,1,55,13,1,7),(1417,1,2,18,13,1,8),(1418,1,2,45,15,1,1),(1419,1,2,56,16,1,1),(1420,1,1,21,17,1,1),(1421,1,1,33,17,1,2),(1422,1,1,55,17,1,3),(1423,1,1,55,17,1,4),(1424,1,2,58,17,1,5),(1425,1,2,58,17,1,6),(1426,1,2,71,17,1,7),(1427,1,2,83,17,1,8),(1428,1,2,90,18,1,1),(1429,1,7,103,21,1,1),(1430,1,1,56,22,2,1),(1431,1,7,98,22,3,2),(1432,1,7,101,22,3,3),(1433,1,2,56,23,2,1),(1434,1,8,104,24,1,1),(1435,1,8,104,25,1,1),(1436,1,1,6,27,1,1),(1437,1,3,1,28,1,1),(1438,2,3,20,28,1,2),(1439,1,3,3,28,1,3),(1440,1,3,4,28,1,4),(1441,1,3,2,28,1,5),(1442,1,3,5,28,1,6),(1443,1,3,6,28,1,7),(1444,1,3,7,28,1,8),(1445,1,3,8,28,1,9),(1446,1,3,9,28,1,10),(1447,1,3,10,28,1,11),(1448,1,3,11,28,1,12),(1449,2,3,12,28,1,13),(1450,1,3,14,28,1,14),(1451,1,3,16,28,1,15),(1452,1,3,17,28,1,16),(1453,1,3,15,28,1,17),(1454,1,3,13,28,1,18),(1455,1,3,19,28,2,19),(1456,1,3,18,28,1,20),(1457,1,1,21,28,1,21),(1458,1,1,22,28,1,22),(1459,1,1,23,28,1,23),(1460,1,1,24,28,1,24),(1461,1,1,25,28,1,25),(1462,1,1,26,28,1,26),(1463,1,1,27,28,1,27),(1464,1,1,28,28,1,28),(1465,1,1,29,28,1,29),(1466,1,1,30,28,1,30),(1467,1,1,31,28,1,31),(1468,1,1,32,28,1,32),(1469,1,1,33,28,1,33),(1470,1,1,6,28,1,34),(1471,1,1,18,28,1,35),(1472,1,1,34,28,1,36),(1473,1,1,19,28,1,37),(1474,1,1,35,28,1,38),(1475,1,1,36,28,1,39),(1476,1,1,37,28,1,40),(1477,1,1,38,28,1,41),(1478,1,1,39,28,1,42),(1479,1,1,8,28,1,43),(1480,1,1,40,28,1,44),(1481,1,1,5,28,1,45),(1482,1,1,20,28,1,46),(1483,1,1,41,28,1,47),(1484,1,1,42,28,1,48),(1485,1,1,43,28,1,49),(1486,1,1,44,28,1,50),(1487,1,1,45,28,1,51),(1488,1,1,46,28,1,52),(1489,1,1,47,28,1,53),(1490,1,1,48,28,1,54),(1491,1,1,49,28,1,55),(1492,1,1,50,28,1,56),(1493,1,1,51,28,1,57),(1494,1,1,52,28,1,58),(1495,1,1,54,28,1,59),(1496,1,1,53,28,1,60),(1497,1,1,55,28,1,61),(1498,1,1,56,28,2,62),(1499,1,1,57,28,2,63),(1500,1,2,58,28,1,64),(1501,1,2,63,28,1,65),(1502,1,2,59,28,1,66),(1503,1,2,60,28,1,67),(1504,1,2,61,28,1,68),(1505,1,2,62,28,1,69),(1506,1,2,65,28,1,70),(1507,1,2,66,28,1,71),(1508,1,2,64,28,1,72),(1509,1,2,30,28,1,73),(1510,1,2,31,28,1,74),(1511,1,2,67,28,1,75),(1512,1,2,23,28,1,76),(1513,1,2,24,28,1,77),(1514,1,2,21,28,1,78),(1515,1,2,22,28,1,79),(1516,1,2,6,28,1,80),(1517,1,2,70,28,1,81),(1518,1,2,5,28,1,82),(1519,1,2,20,28,1,83),(1520,1,2,71,28,1,84),(1521,1,2,72,28,1,85),(1522,1,2,73,28,1,86),(1523,1,2,74,28,1,87),(1524,1,2,75,28,1,88),(1525,1,2,76,28,1,89),(1526,1,2,77,28,1,90),(1527,1,2,78,28,1,91),(1528,1,2,79,28,1,92),(1529,1,2,80,28,1,93),(1530,1,2,81,28,1,94),(1531,1,2,39,28,1,95),(1532,1,2,40,28,1,96),(1533,1,2,8,28,1,97),(1534,1,2,19,28,1,98),(1535,1,2,18,28,1,99),(1536,1,2,82,28,1,100),(1537,1,2,83,28,1,101),(1538,1,1,84,28,1,102),(1539,1,2,84,28,1,103),(1540,1,1,85,28,1,104),(1541,1,2,85,28,1,105),(1542,1,1,86,28,1,106),(1543,1,2,87,28,1,107),(1544,1,2,88,28,1,108),(1545,1,2,89,28,1,109),(1546,1,2,90,28,1,110),(1547,1,2,91,28,1,111),(1548,1,2,92,28,1,112),(1549,1,2,93,28,1,113),(1550,1,2,94,28,1,114),(1551,1,2,95,28,1,115),(1552,1,1,95,28,1,116),(1553,1,7,96,28,1,117),(1554,1,7,97,28,3,118),(1555,1,7,98,28,3,119),(1556,1,7,99,28,3,120),(1557,1,7,100,28,3,121),(1558,1,7,101,28,3,122),(1559,1,7,102,28,3,123),(1560,1,7,103,28,1,124),(1561,1,8,104,28,1,125),(1562,1,1,53,29,1,1),(1563,1,7,99,30,3,1),(1564,1,1,102,31,3,1),(1565,1,7,102,34,1,1);
/*!40000 ALTER TABLE `tag` ENABLE KEYS */;
UNLOCK TABLES;

--
-- Table structure for table `tarea`
--

DROP TABLE IF EXISTS `tarea`;
/*!40101 SET @saved_cs_client     = @@character_set_client */;
/*!50503 SET character_set_client = utf8mb4 */;
CREATE TABLE `tarea` (
  `id_tarea` int NOT NULL AUTO_INCREMENT,
  `descripcion` varchar(255) DEFAULT NULL,
  `existencia` varchar(30) DEFAULT NULL,
  `id_labor` int DEFAULT NULL,
  PRIMARY KEY (`id_tarea`),
  KEY `id_labor` (`id_labor`),
  CONSTRAINT `tarea_ibfk_1` FOREIGN KEY (`id_labor`) REFERENCES `labor` (`id_labor`)
) ENGINE=InnoDB AUTO_INCREMENT=112 DEFAULT CHARSET=utf8mb4 COLLATE=utf8mb4_0900_ai_ci;
/*!40101 SET character_set_client = @saved_cs_client */;

--
-- Dumping data for table `tarea`
--

LOCK TABLES `tarea` WRITE;
/*!40000 ALTER TABLE `tarea` DISABLE KEYS */;
INSERT INTO `tarea` VALUES (1,'Relevar marca','Si',1),(2,'Relevar material','Si',1),(3,'Relevar tamaño de gabinete','Si',1),(4,'Relevar Marca de Maquina Primaria y Alternador','Si',1),(5,'Relevar Tipo de Piso','Si',1),(6,'Relevar Material de Paredes','Si',1),(7,'Relevar modelo','Si',1),(8,'Numero de Hojas','Si',1),(9,'Relevar Tamaño','Si',1),(10,'Cerradura Si/No','Si',1),(11,'Mochila Empotrada/Exterior','Si',1),(12,'Canaletas Si/No','Si',1),(13,'Bajadas Si/No','Si',1),(14,'Acceso desde el Interior Si/No','Si',1),(15,'Relevar Tipo. Abril/Corredizo/Levadizo/Otro','Si',1),(16,'Relevar Dimensiones','Si',1),(17,'Relevar Tipo de Techo','Si',1),(18,'Relevar Material de Piso','Si',1),(19,'Tipo. Caracol/Marinera/Convencional','Si',1),(20,'Relevar Material de Techo','Si',1),(21,'Relevar potencia','Si',1),(22,'Relevar potencia/Tama¤o','Si',1),(23,'Con Vidrio/Sin Vidrio/Tipo','Si',1),(24,'Tipo de Vidrio','Si',1),(25,'Relevar Tipo','Si',1),(26,'De columna/Empotrado','Si',1),(27,'Montaje: Pared / Techo / Movil','Si',1),(28,'Relevar tipo de accionamiento','Si',1),(29,'Electrico/Gas - Tipo de Gas','Si',1),(30,'Cantidad de Bajadas','Si',1),(31,'Relevar Cantidad y Potencia','Si',1),(32,'Relevar Potencia y Caracteristicas Electricas Principales','Si',1),(33,'Relevar Tipo/Material','Si',1),(34,'Tipo de Tapa. Ciega/Rejilla/Otra','Si',1),(35,'Abiertas/Cerradas','Si',1),(36,'Relevar cantidad de lamparas por equipo','Si',1),(37,'Frio - Calor - Frio/Calor','Si',1),(38,'Corrediza/De abrir','Si',1),(39,'Relevar tipo de canilla','Si',1),(40,'Relevar cantidad y material de palas','Si',1),(41,'Tipo de Puerta','Si',1),(42,'Relevar Tipo de Accionamiento','Si',1),(43,'Bajadas Internas/Externas','Si',1),(44,'Baranda Si/No','Si',1),(45,'Relevar Capacidad','Si',1),(46,'Tiene Iluminacion sobre Estructura','Si',1),(47,'Marca/Modelo/Tipo de Cerradura','Si',1),(48,'Agua Fria/Caliente','Si',1),(49,'Relevar tipo y marca de controlador','Si',1),(50,'Puerta Manual / Automatica','Si',1),(51,'Tiro Balanceado Si/No','Si',1),(52,'Material de Bajadas','Si',1),(53,'Marca/Modelo/Tipo de Bisagras','Si',1),(54,'Relevar cualquier otro dato que considere relevante para el mantenimiento','Si',1),(55,'Tomar Fotografia','Si',1),(56,'Al finalizar la actividad deje el area limpia, ordenada y segura','Si',1),(57,'Señalice el area de Trabajo. Desconecte la energia electrica - Verificar NO exisitencia de tension electrica','Si',2),(58,'Señalice el area de Trabajo','Si',2),(59,'Control de louver','Si',2),(60,'Verificar correcto estado de cableado electrico, tomacorriente y conexiones electricas','Si',2),(61,'Verifique correcto funcionamiento de valvulas','Si',2),(62,'Verificar correcta y firme fijacion a pared o estructura','Si',2),(63,'Verificar correcta y firme fijacion de baranda a pared o estructura','Si',2),(64,'Utilice los Elementos de Proteccion Personal para trabajos en altura','Si',2),(65,'Verificar estado general','Si',2),(66,'ATENCION: ESTA MISMA OT SERA UTILIZADA PARA LAS 4 ACTIVIDADES MENSUALES','Si',2),(67,'Verificacion de  funcionamiento de la totalidad de las lamparas.','Si',2),(68,'Verificar correcta y firme fijacion a pared o estructura de ambas unidades','Si',2),(69,'Verificar NO  de perdidas','Si',2),(70,'Verifique y lubrique bisagras y/o correderas','Si',2),(71,'Verifique y lubrique bisagras y/o correderas y/o enrolladores','Si',2),(72,'Verificar esrado de carga. Lectura de manimetro de presion y fecha de vencimiento','Si',2),(73,'Verique el buen estado general','Si',2),(74,'Verificacion de estados de zocalos y/o portalamparas','Si',2),(75,'Verificar existencia y correcto montaje de protecciones mecanicas','Si',2),(76,'Verifique y lubrique cerraduras.','Si',2),(77,'Verifique firme montaje de componentes.','Si',2),(78,'Verificar correcto estado de cableado electrico, tomacorriente y conexiones electricas.','Si',2),(79,'Verificar correcta sujeccion de coberturas, canaletas, cumbreras, cenefas y otros.','Si',2),(80,'Verificar correcta y firme fijacion a pared o estructura.','Si',2),(81,'Verificar NO  existencia de perdidas.','Si',2),(82,'Realice limpieza, ordenamiento y/o emprolijamiento del area.','Si',2),(83,'Limpieza de luminaria y lampara.','Si',2),(84,'Verificar carga de gas y NO  de fugas.','Si',2),(85,'Realice verificacion de correcto funcionamiento.','Si',2),(86,'Verifique correcta sujeccion de vidrios.','Si',2),(87,'Verificar  y correcto montaje de las proteccion contra choque electrico','Si',2),(88,'Verificar correcto estado de cableado electrico.','Si',2),(89,'Verifique limpieza de caneletas. Debe encontrarse libre de obstucciones y apta para la correcta descarga de agua.','Si',2),(90,'Actividad 1 de 4 Mensual. Indique Fecha:','Si',2),(91,'Verificar correcto montaje y sujeccion.','Si',2),(92,'Realice limpieza de filtros.','Si',2),(93,'Realizar limpieza del equipo.','Si',2),(94,'Verificar correcto funcionamiento de puertas y cerraduras','Si',2),(95,'Verificar NO  de perdidas de liquidos y/o gas.','Si',2),(96,'Realizar limpieza externa del equipo.','Si',2),(97,'Verifique sujeccion y estanqueidad de bajadas de descarga de canaletas.','Si',2),(98,'Realice limpieza interna y externa de los equipos.','Si',2),(99,'Actividad 2 de 4 Mensual. Indique Fecha:','Si',2),(100,'Verifique correcto funcionamiento del equipo luego de finalizada la actividad.','Si',2),(101,'Realice limpieza completa de ambas unidades.','Si',2),(102,'Realice verificacion de correcto funcionamiento.','Si',2),(103,'Verificar correcto ajuste de conexiones electricas.Verificar NO  de señales de sobrecalentamiento de los componentes. ','Si',2),(104,'Verifique que las descargas de canaletas permitan flujo libre y se encuentren conectadas correctamente en extremos y uniones.','Si',2),(105,'Actividad 3 de 4 Mensual. Indique Fecha:','Si',2),(106,'Conecte nuevamente a la red electrica y realice una prueba de correcto funcionamiento.','Si',2),(107,'Realizar limpieza del equipo. No utilice elementos humedos ni liquidos. Para retirar polvos, utilice un equipo de aspiracion.','Si',2),(108,'­­­EN CASO DE DETECTAR ANOMALIAS CONTACTAR AL SERVICIO TECNICO AUTORIZADO. SI ESTAS ANOMALIAS SON CRITICAS, DETENGA EL USO DEL EQUIPO!!!','Si',2),(109,'Actividad 4 de 4 Mensual. Indique Fecha:','Si',2),(110,'Complete la documentacion de mantenimiento','Si',2),(111,'Al finalizar la actividad deje el area limpia, ordenada y segura','Si',2);
/*!40000 ALTER TABLE `tarea` ENABLE KEYS */;
UNLOCK TABLES;

--
-- Table structure for table `ubicacion`
--

DROP TABLE IF EXISTS `ubicacion`;
/*!40101 SET @saved_cs_client     = @@character_set_client */;
/*!50503 SET character_set_client = utf8mb4 */;
CREATE TABLE `ubicacion` (
  `id_ubicacion` int NOT NULL AUTO_INCREMENT,
  `nombre` varchar(100) DEFAULT NULL,
  `existencia` varchar(30) DEFAULT NULL,
  PRIMARY KEY (`id_ubicacion`)
) ENGINE=InnoDB AUTO_INCREMENT=4 DEFAULT CHARSET=utf8mb4 COLLATE=utf8mb4_0900_ai_ci;
/*!40101 SET character_set_client = @saved_cs_client */;

--
-- Dumping data for table `ubicacion`
--

LOCK TABLES `ubicacion` WRITE;
/*!40000 ALTER TABLE `ubicacion` DISABLE KEYS */;
INSERT INTO `ubicacion` VALUES (1,'Interior','Si'),(2,'Exterior Bajo Techo','Si'),(3,'Exterior Sin Techo','Si');
/*!40000 ALTER TABLE `ubicacion` ENABLE KEYS */;
UNLOCK TABLES;

--
-- Table structure for table `usuarios`
--

DROP TABLE IF EXISTS `usuarios`;
/*!40101 SET @saved_cs_client     = @@character_set_client */;
/*!50503 SET character_set_client = utf8mb4 */;
CREATE TABLE `usuarios` (
  `id_usuarios` int NOT NULL AUTO_INCREMENT,
  `nombre` varchar(100) NOT NULL,
  `email` varchar(100) NOT NULL,
  `contraseña_hash` varchar(255) NOT NULL,
  `tipo_usuario` varchar(50) DEFAULT NULL,
  PRIMARY KEY (`id_usuarios`),
  UNIQUE KEY `email` (`email`),
  CONSTRAINT `usuarios_chk_1` CHECK ((`tipo_usuario` in (_utf8mb4'operario',_utf8mb4'admin')))
) ENGINE=InnoDB DEFAULT CHARSET=utf8mb4 COLLATE=utf8mb4_0900_ai_ci;
/*!40101 SET character_set_client = @saved_cs_client */;

--
-- Dumping data for table `usuarios`
--

LOCK TABLES `usuarios` WRITE;
/*!40000 ALTER TABLE `usuarios` DISABLE KEYS */;
/*!40000 ALTER TABLE `usuarios` ENABLE KEYS */;
UNLOCK TABLES;
/*!40103 SET TIME_ZONE=@OLD_TIME_ZONE */;

/*!40101 SET SQL_MODE=@OLD_SQL_MODE */;
/*!40014 SET FOREIGN_KEY_CHECKS=@OLD_FOREIGN_KEY_CHECKS */;
/*!40014 SET UNIQUE_CHECKS=@OLD_UNIQUE_CHECKS */;
/*!40101 SET CHARACTER_SET_CLIENT=@OLD_CHARACTER_SET_CLIENT */;
/*!40101 SET CHARACTER_SET_RESULTS=@OLD_CHARACTER_SET_RESULTS */;
/*!40101 SET COLLATION_CONNECTION=@OLD_COLLATION_CONNECTION */;
/*!40111 SET SQL_NOTES=@OLD_SQL_NOTES */;

-- Dump completed on 2024-11-09 23:51:02
